date,E_NF@KAU.Q,ECT@KAU.Q,EMN@KAU.Q,E_TTU@KAU.Q,E_TU@KAU.Q,E_TRADE@KAU.Q,EIF@KAU.Q,E_FIR@KAU.Q,EFI@KAU.Q,ERE@KAU.Q,E_PBS@KAU.Q,EPS@KAU.Q,EMA@KAU.Q,EAD@KAU.Q,E_EDHC@KAU.Q,EED@KAU.Q,EHC@KAU.Q,E_LH@KAU.Q,EAE@KAU.Q,EAF@KAU.Q,EOS@KAU.Q,EGV@KAU.Q,EGV@KAU.Q,EGVFD@KAU.Q,E_GVSL@KAU.Q,EMPL@KAU.Q,UR@KAU.Q,ERT@KAU.Q
1972-01-01,9.983573399246705,0.5998814031397965,1.2926189249559332,,,,,0.28526575651906233,0.09690867635540973,0.18835708016365252,,,,,,,0.3834793180892224,,,2.16898130724028,,2.258947470081881,2.258947470081881,0.3020545503235225,1.95763265842021,,,
1972-04-01,10.09554463276836,0.6041197496573973,1.3161295232365426,,,,,0.29068324580537536,0.09876478442591752,0.19191846137945787,,,,,,,0.3955734226179733,,,2.245970710044013,,2.273951102246483,2.273951102246483,0.30219689266389943,2.000752972620599,,,
1972-07-01,10.209508333333334,0.6181822415654131,1.2585736040836928,,,,,0.29719231879857466,0.1008499181487781,0.19634240064979683,,,,,,,0.40467316181667856,,,2.320229035971717,,2.2772038316187277,2.2772038316187277,0.2966040314953502,2.015100480602314,,,
1972-10-01,10.352213370998117,0.6367376073640939,1.233977947723833,,,,,0.3056821496192297,0.1037026394805687,0.20197951013866122,,,,,,,0.40089878119476174,,,2.36185228007733,,2.2899291203023306,2.2899291203023306,0.2991445255172274,2.026513888356878,,,
1973-01-01,10.586438401316402,0.683236953511832,1.236763045713529,,,,,0.3336208290037181,0.1134916691873326,0.22012915981638556,,,,,,,0.40479392124720875,,,2.2305653126334235,,2.2969939876121317,2.2969939876121317,0.4068450319254285,1.9725385945569973,,,
1973-04-01,10.594096332391834,0.6979238620988691,1.2219361831386537,,,,,0.3421275177156116,0.11641770823632158,0.2257098094792905,,,,,,,0.4214850686944565,,,2.26888774756328,,2.2168627829987186,2.2168627829987186,0.4028441181789339,1.897975686163094,,,
1973-07-01,10.70686499910939,0.7132770353531548,1.225171578745876,,,,,0.34819140547582833,0.1184041132352377,0.22978729224059047,,,,,,,0.42678115978619274,,,2.313430515225486,,2.2246248291328494,2.2246248291328494,0.3960997406119613,1.8923504630920192,,,
1973-10-01,10.868236553092954,0.7327458369653197,1.219362525735274,,,,,0.35273908868533194,0.11988621499928435,0.23285287368604754,,,,,,,0.4341367370184459,,,2.3601497590362563,,2.231885109639755,2.231885109639755,0.39421110929911096,1.937135256346813,,,
1974-01-01,10.517533402801897,0.8492763839912643,1.030019236841382,,,,,0.41080362991947766,0.14011963766080632,0.2706839922586713,,,,,,,0.4597376565339588,,,2.231226804667887,,2.2150494296577947,2.2150494296577947,0.4015957600429676,1.8908540869235588,,,
1974-04-01,10.604740402586875,0.8522377567008825,1.0162348055693897,,,,,0.41097083570104304,0.14024031356999225,0.27073052213105114,,,,,,,0.4569054608994118,,,2.2717573920211867,,2.2587946768060836,2.2587946768060836,0.40260741255354443,1.987854575994693,,,
1974-07-01,10.782437023437367,0.8748271918403848,1.0666710542447062,,,,,0.41821803266302204,0.1425883635758155,0.2756296690872065,,,,,,,0.4363301072424422,,,2.3008964092820032,,2.2712566539923955,2.2712566539923955,0.39991675020638495,1.9742532537019457,,,
1974-10-01,10.769562711920473,0.8721394104180984,1.1148415700111887,,,,,0.42614508309888305,0.14505294365829607,0.2810921394405872,,,,,,,0.4734591070729641,,,2.298786060695587,,2.258779467680608,2.258779467680608,0.3958800771971031,1.9803714167131374,,,
1975-01-01,11.526185458346498,0.9110859012526907,1.2316457736978952,,,,,0.5426109107502678,0.18832349187956787,0.3542874188706993,,,,,,,0.5279556633056218,,,2.40052312141213,,2.363289467263115,2.363289467263115,0.29999200601928955,2.0800126447100946,,,
1975-04-01,11.584355495053112,0.8898608959749118,1.2091305155651397,,,,,0.5522273760664823,0.19167112562162522,0.360556250444857,,,,,,,0.5409171319077206,,,2.3928756532268967,,2.3900193574623825,2.3900193574623825,0.299793391356156,2.1441263256684824,,,
1975-07-01,11.635576303570991,0.8586855933248957,1.2222104983839557,,,,,0.5545888182463624,0.19213200497457916,0.3624568132717836,,,,,,,0.5520986669124023,,,2.4319892304592767,,2.4137353395689303,2.4137353395689303,0.3011420129925735,2.1261912856771983,,,
1975-10-01,11.661735449838341,0.8102918453872016,1.2286132123530102,,,,,0.556241899604829,0.19264882641944614,0.36359307318538314,,,,,,,0.5580911239193865,,,2.4789119949017,,2.4332486376575844,2.4332486376575844,0.2990725896319805,2.1830030772775584,,,
1976-01-01,12.146713638641621,0.8421877548988768,1.1864449514392423,,,,,0.6170575765262063,0.21416409097334643,0.4028934855528601,,,,,,,0.5523292742697649,,,2.59037741599932,,2.5699578264714558,2.5699578264714558,0.3035831210839521,2.269783017776088,,,
1976-04-01,12.304228079135143,0.813384144585375,1.2078998597669337,,,,,0.624981856683437,0.21701438396456948,0.4079674727188678,,,,,,,0.5628391265519749,,,2.6580239790384863,,2.6114331531885626,2.6114331531885626,0.3003519262176655,2.375189220638645,,,
1976-07-01,12.331479874949286,0.7850652032544082,1.2236170675705098,,,,,0.6267094478135325,0.21732309322084853,0.40938635459268463,,,,,,,0.5700374289318426,,,2.682712387085827,,2.5987972093937315,2.5987972093937315,0.29867141196131447,2.3229329748482797,,,
1976-10-01,12.440880395198432,0.7909101277301259,1.2301381212233136,,,,,0.6272704651127773,0.21737776144714457,0.4098927036656331,,,,,,,0.5832289982592878,,,2.707652884543036,,2.6158723395892705,2.6158723395892705,0.2973935407370678,2.3654281200703218,,,
1977-01-01,12.92711190327143,0.7090452225551381,1.1476036229559814,,,,,0.7107004175018634,0.24873350480271808,0.4619669126991459,,,,,,,0.6127239709099087,,,2.8597685185891897,,2.6300726138389243,2.6300726138389243,0.30357183687906214,2.402136638251347,,,
1977-04-01,13.027763538213039,0.7075308395996007,1.1521440325479053,,,,,0.7182228280318173,0.25151203007882267,0.46671079795299525,,,,,,,0.6277762452506482,,,2.892571361263567,,2.642530698428132,2.642530698428132,0.2990732328811401,2.4515418760746246,,,
1977-07-01,13.081459004737503,0.6863076816430854,1.1346767851876884,,,,,0.739944181356664,0.2588473859812954,0.4810967953753682,,,,,,,0.6406919011420157,,,2.9077253836925934,,2.642017005347594,2.642017005347594,0.2979279927731086,2.464346594607043,,,
1977-10-01,13.136250272425864,0.6327974124133087,1.0688088926417587,,,,,0.7586003550103396,0.26525272181548415,0.49334763319485586,,,,,,,0.6527850601847658,,,2.9609680697879797,,2.6518593647707025,2.6518593647707025,0.2994269374666891,2.4486415577336533,,,
1978-01-01,13.341125191221833,0.6673072885390116,1.1628229196366486,,,,,0.811968367682211,0.28474036789065477,0.5272279997915565,,,,,,,0.6987751996427266,,,2.903733757382717,,2.6868470475643598,2.6868470475643598,0.29658570662218325,2.419724289507746,,,
1978-04-01,13.566022752269264,0.6858264896325467,1.1922824893098403,,,,,0.8261809612947381,0.2898808456845868,0.5363001156101515,,,,,,,0.7084021610038483,,,3.018508910401183,,2.727586767473761,2.727586767473761,0.2984873519912335,2.4869244096112113,,,
1978-07-01,13.805303845049584,0.717465683276662,1.1764300859731895,,,,,0.8382584153662633,0.29382188605572035,0.5444365293105421,,,,,,,0.7144738163101388,,,3.074271590892767,,2.7582752288895267,2.7582752288895267,0.3026029235434833,2.5311001911940383,,,
1978-10-01,14.02137231829325,0.7466068162156233,1.190564505080321,,,,,0.8551166659505216,0.2997173142669037,0.5553993516836179,,,,,,,0.7405320500984636,,,3.16238574132333,,2.759754770791463,2.759754770791463,0.3023240178430995,2.49558444302034,,,
1979-01-01,14.147509654131946,0.8948822186050317,1.1993586278090025,,,,,0.8586616397825617,0.3016738229116464,0.5569878168709145,,,,,,,0.7958144770853632,,,3.25172488264359,,2.740478910515835,2.740478910515835,0.299944143439741,2.432256576844865,,,
1979-04-01,14.23954021403494,0.903999791606997,1.1879723500391233,,,,,0.885578543266162,0.31132684287611884,0.5742517003900435,,,,,,,0.8093583962306488,,,3.197421180885803,,2.774198927217833,2.774198927217833,0.29972806804263746,2.4748413738900115,,,
1979-07-01,14.387142915556305,0.9486506468301507,1.2153609719462264,,,,,0.913693064498989,0.3211720377398061,0.5925210267591837,,,,,,,0.8225493569622914,,,3.21742181585042,,2.770461299543907,2.770461299543907,0.29872166026125596,2.4856075968963007,,,
1979-10-01,14.367214762488898,0.9758731704219211,1.2132080502056477,,,,,0.9303944774341181,0.32704787596521157,0.6033466014689058,,,,,,,0.8360613947534339,,,3.2300321206201867,,2.6846237264726667,2.6846237264726667,0.30160612825636535,2.3072944523688217,,,
1980-01-01,15.109160729039928,1.4660076070321626,1.2414609481614018,,,,,0.9570835217103456,0.33685041724966336,0.6202331044606834,,,,,,,0.8712855964045868,,,3.406243738755627,,2.7663129309000154,2.7663129309000154,0.29690074340256584,2.562912392413121,,,
1980-04-01,15.169471471483854,1.4448346424584502,1.205454178848687,,,,,0.9449581134124513,0.33258259438757465,0.6123755190248773,,,,,,,0.874868356571243,,,3.456208804123753,,2.7995972734362815,2.7995972734362815,0.3043155033054976,2.578913446293869,,,
1980-07-01,15.139464267007606,1.342732270996369,1.2118869893433157,,,,,0.9387360981151326,0.33060081949774206,0.6081352786173911,,,,,,,0.8928804695026211,,,3.4670592174838166,,2.7756061644049286,2.7756061644049286,0.3007651605769052,2.5785781417210845,,,
1980-10-01,15.217938877088786,1.3672480725260978,1.199564550313262,,,,,0.9361859867585953,0.32916142043087965,0.6070245663277177,,,,,,,0.9000361858905827,,,3.471321572970133,,2.7843231945094367,2.7843231945094367,0.29801859271503106,2.5795960195719245,,,
1981-01-01,15.273194873906329,1.155168910051885,1.2358381274396826,,,,,0.8801600975853323,0.3116292195332382,0.5685308780520932,,,,,,,0.9348894682176443,,,3.566083266625453,,2.8021965720708066,2.8021965720708066,0.29697751715283927,2.58359420025795,,,
1981-04-01,15.256082788814547,1.115288820959024,1.2662241966818388,,,,,0.882079477132936,0.3122836168862668,0.56979586024667,,,,,,,0.9481597775523815,,,3.57455695242196,,2.7908413224688577,2.7908413224688577,0.2979060408745997,2.555136891418512,,,
1981-07-01,15.224996378109452,1.0910836385152332,1.2289811358260543,,,,,0.8851040357564046,0.3133791556314618,0.571724880124941,,,,,,,0.962183704034094,,,3.6214785629688095,,2.7962435890231334,2.7962435890231334,0.30070243060622215,2.5749512879740117,,,
1981-10-01,15.199084760336248,1.0422996240542903,1.2254898733857578,,,,,0.8810168326849444,0.3115146054015249,0.5695022272834184,,,,,,,0.983968380214986,,,3.683081217983787,,2.807314564016109,2.807314564016109,0.30441401136633867,2.552984287016193,,,
1982-01-01,15.181120627634272,0.8572412147900396,1.1843087574196716,,,,,0.8119290361570414,0.28669364001080416,0.525235396146238,,,,,,,1.0040942287425227,,,3.847764989686007,,2.784580006766941,2.784580006766941,0.2950421437768141,2.5328904454500956,,,
1982-04-01,15.162323323456997,0.8144947223791906,1.2114508353538511,,,,,0.8055542565612096,0.2843564306705065,0.5211978258907023,,,,,,,1.0140707846908936,,,3.88394803138741,,2.813556039494325,2.813556039494325,0.30008151193365656,2.5598980842551224,,,
1982-07-01,15.128044101322873,0.7818131101621546,1.218696166433702,,,,,0.7951694542384894,0.28064285669377553,0.5145265975447136,,,,,,,1.040264064926424,,,3.8729347842921897,,2.8267803635692537,2.8267803635692537,0.3010824185541402,2.5876139426056977,,,
1982-10-01,15.133926319742935,0.7743949636710218,1.2023109074594434,,,,,0.7953603360349173,0.28066771737792,0.5146926186569964,,,,,,,1.036433583159467,,,3.8669521946343934,,2.838892264156747,2.838892264156747,0.3037939257353886,2.5862641943557514,,,
1983-01-01,15.604584412396234,1.0444176060009749,1.205542823882637,,,,,0.8096157623388779,0.28729743312789063,0.5223183292109875,,,,,,,1.041801457895495,,,3.87449921889554,,2.8159178869210635,2.8159178869210635,0.3010754789442324,2.5173795163383454,,,
1983-04-01,15.571510959531727,1.0228176461400456,1.1843520963570207,,,,,0.8113720708234974,0.2880457816853945,0.5233262891381026,,,,,,,1.0518980803505034,,,3.9355123032707673,,2.8151691071754605,2.8151691071754605,0.3007966210129667,2.520200034296277,,,
1983-07-01,15.856566043025756,1.0257198960640659,1.2160793191258594,,,,,0.821948711595212,0.2919452124601392,0.5300034991350735,,,,,,,1.0596714967589884,,,4.039134158944006,,2.817085283914551,2.817085283914551,0.29964893786734786,2.5547567205473096,,,
1983-10-01,15.91930794868639,1.0199861215295967,1.198759093967817,,,,,0.8215557641500083,0.29141644814813084,0.5301393160018769,,,,,,,1.069043434985405,,,4.067187652223019,,2.818730953685107,2.818730953685107,0.29847896217545267,2.5409970621514004,,,
1984-01-01,15.627486415988477,0.6949499387446426,1.204219297316965,,,,,0.8094319376287222,0.28766357850760055,0.5217683591211225,,,,,,,1.08648377472855,,,4.020884098795293,,2.764336103801833,2.764336103801833,0.2978259294654518,2.5180261919679383,,,
1984-04-01,15.756040446427972,0.6939178414188755,1.1993070835851232,,,,,0.8089630045116873,0.28747980976461485,0.5214831947470723,,,,,,,1.1073750705187768,,,4.111274308907354,,2.772431721259414,2.772431721259414,0.2983779135475561,2.518276963102571,,,
1984-07-01,15.7262514745182,0.635847139480144,1.2040198102168407,,,,,0.8067119946444564,0.2865869865508852,0.5201250080935719,,,,,,,1.1055274747614727,,,4.133849657125221,,2.7706752200344797,2.7706752200344797,0.3010207773740215,2.519575421142345,,,
1984-10-01,15.85927124403428,0.5572744510511299,1.206320475547737,,,,,0.8037401057544077,0.2855071855976379,0.5182329201567691,,,,,,,1.1105393886365154,,,4.17679193517213,,2.793000108883042,2.793000108883042,0.30277537961297024,2.5441214237871446,,,
1985-01-01,16.481348602466234,0.7156882805488386,1.1520492194244667,,,,,0.8437221483766447,0.3011095759990617,0.5426125723775814,,,,,,,1.1235644838354861,,,4.449479217008434,,2.7412397004079927,2.7412397004079927,0.3002157821716842,2.5033510941622947,,,
1985-04-01,16.598264503816793,0.7562102347858985,1.1580019965019808,,,,,0.8542034174458949,0.3048419118782646,0.5493615055676301,,,,,,,1.1290700750386862,,,4.4666658543192765,,2.7442737931445245,2.7442737931445245,0.2996717970983989,2.4945809027208674,,,
1985-07-01,16.847257163828534,0.7883192364747552,1.164699607950524,,,,,0.8560030797790237,0.30546174923744335,0.5505413305415802,,,,,,,1.1357722336761802,,,4.447992014834637,,2.7888674647845377,2.7888674647845377,0.30050779685441387,2.6074839211528853,,,
1985-10-01,16.947731561949496,0.7967369784957007,1.1847825094563618,,,,,0.8614203050786644,0.3073874030855898,0.5540329019930746,,,,,,,1.147073393818475,,,4.475096247170989,,2.760481250186128,2.760481250186128,0.2996046238755028,2.527917415297286,,,
1986-01-01,17.673107308669184,0.8081159246518719,1.1200118283977825,,,,,0.9219876227659753,0.32920553043403195,0.5927820923319431,,,,,,,1.1336786909307588,,,4.810142797787023,,2.818287426744804,2.818287426744804,0.3014130325406948,2.5592804296486857,,,
1986-04-01,17.768042798056765,0.8114060634630365,1.1307139251580045,,,,,0.9262869981259972,0.33077128326328237,0.5955157148627167,,,,,,,1.142568465170619,,,4.844834543584853,,2.8189416267092873,2.8189416267092873,0.29950645796862707,2.5582623086898244,,,
1986-07-01,18.006182251189184,0.8870486032770294,1.1186350816579753,,,,,0.943154462356778,0.33680536514269543,0.6063490972140831,,,,,,,1.1546816975605607,,,4.957213124589497,,2.825625102113301,2.825625102113301,0.29911847728106267,2.5862912584907023,,,
1986-10-01,18.216883095495973,0.932450497346384,1.1219391647862376,,,,,0.9550037564449747,0.3407892217069442,0.614214534738029,,,,,,,1.159069816813136,,,4.953442867371973,,2.8396051145444847,2.8396051145444847,0.2999620322096154,2.596166003170788,,,
1987-01-01,18.96509808376363,0.9664669982136007,1.0553527443445339,,,,,1.0206533191428233,0.36581425131633766,0.6548390678264869,,,,,,,1.23402564488814,,,5.32329272347191,,2.895820463878767,2.895820463878767,0.2943184345776427,2.647062509029775,,,
1987-04-01,19.22856068846816,0.9874340590001834,1.0466210093307031,,,,,1.0279791726737733,0.36811201153935663,0.6598671611344195,,,,,,,1.2670782404502998,,,5.41029017582447,,2.927660084446758,2.927660084446758,0.2994920175079087,2.6641767893349035,,,
1987-07-01,19.391920298336203,0.9881275096427621,1.0446743775634626,,,,,1.0270745709957134,0.3676415190579709,0.6594330519377413,,,,,,,1.2918402009882888,,,5.5076437090243004,,2.9394290473711613,2.9394290473711613,0.30199584082499564,2.676521256879122,,,
1987-10-01,19.669817119908206,0.9943793470385867,1.0542852020946345,,,,,1.0263620910230633,0.36718939316730853,0.6591726978557549,,,,,,,1.3247225803399394,,,5.654440058345976,,2.970711828330152,2.970711828330152,0.3041937070894528,2.7122394447562015,,,
1988-01-01,20.683139341804804,0.9269205812448881,0.9972029215497145,,,,,1.1185898719759335,0.4022062711768928,0.7163836007990407,,,,,,,1.3737242634611857,,,6.369455625314437,,3.0511239498730087,3.0511239498730087,0.30031485466196733,2.794168444595049,,,
1988-04-01,20.91899872927888,0.977639933350604,1.0113925658377048,,,,,1.12539709513572,0.40415694225447824,0.7212401528812413,,,,,,,1.3913674866577834,,,6.493755895326546,,3.068606240754697,3.068606240754697,0.298692873817332,2.8118351596178446,,,
1988-07-01,21.13996994369781,1.0050055175272823,1.00431255292434,,,,,1.1333125133780533,0.40715231077156827,0.726160202606485,,,,,,,1.4005093361054517,,,6.561518778690811,,3.093689078679283,3.093689078679283,0.30003922401027383,2.8542711959035585,,,
1988-10-01,21.37897965451724,1.0482254258732406,0.9933252930215742,,,,,1.1401405087666934,0.40915983068480116,0.7309806780818935,,,,,,,1.4273384431424418,,,6.697403034001553,,3.1131117809595588,3.1131117809595588,0.30095304751042673,2.873058533216883,,,
1989-01-01,22.70186233726265,1.4717098127457604,0.9306358218228773,,,,,1.3821324644324668,0.5046746992924227,0.8774577651400467,,,,,,,1.537026697275378,,,6.885404545379274,,3.1971907234251975,3.1971907234251975,0.34985464196168103,2.8849644511009678,,,
1989-04-01,23.020916658698088,1.5712632350523388,0.918864409204625,,,,,1.39422634331312,0.5080222833582148,0.8862040599549063,,,,,,,1.5759792624290438,,,6.976688696869977,,3.2172051919291342,3.2172051919291342,0.3491529205456542,2.90220342792786,,,
1989-07-01,23.316427165663715,1.643876560690824,0.9172009207379195,,,,,1.3993658398071434,0.5102375108983938,0.8891283289087469,,,,,,,1.5994364207975214,,,7.052797291058457,,3.231132578740158,3.231132578740158,0.35043099719142473,2.951460772301706,,,
1989-10-01,23.72414932157282,1.7242160786595109,0.9140988482345782,,,,,1.4365571660616734,0.5231350916824407,0.9134220743792331,,,,,,,1.6162333693886985,,,7.072009466692297,,3.252289763779528,3.252289763779528,0.3505614403012396,2.9613713486694686,,,
1990-01-01,23.73728172846411,1.7671194379391102,0.8510526315789475,5.356817723613898,1.389733059548255,3.967084664065643,0.38932541819333194,1.3141084958503633,0.49679193400549937,0.8173165618448638,1.3652640312635007,0.2967592592592592,-1.2930153770331112e-16,1.0685047720042415,1.6160969558539755,0.0988805970149254,1.5172163588390501,7.140140949961293,0.7923698384201078,6.347771111541186,0.5682124789207418,3.3691436052889485,3.3691436052889485,0.39824304538799415,2.9709005599009544,25110.562175161158,3.91093609761521,3.489684601113172
1990-04-01,24.060197189992795,1.7721779859484779,0.8229959514170041,5.402222994651652,1.3913757700205338,4.010847224631117,0.4044972679130117,1.3304792595026584,0.5004582951420714,0.830020964360587,1.3832984761007026,0.2976851851851851,-1.3199531973879677e-16,1.0856132909155176,1.6421377063670217,0.0988805970149254,1.5432571093520961,7.2799131624912805,0.7894673847995213,6.49044577769176,0.5759696458684652,3.446504739732523,3.446504739732523,0.4080039043435822,3.0385008353889407,24929.528524249497,3.8827494536602063,3.5297959183673466
1990-07-01,24.192584350410016,1.8042154566744735,0.8176518218623482,5.421976482413768,1.39958932238193,4.022387160031838,0.4013250930188384,1.3574370252513897,0.5041246562786433,0.8533123689727463,1.4171826518989825,0.30046296296296293,-1.310973923936349e-16,1.1167196889360198,1.6729144514892555,0.09813432835820897,1.5747801231310465,7.241354962099507,0.818491921005386,6.4228630410941205,0.5720910623946036,3.486435343306851,3.486435343306851,0.39824304538799415,3.088192297918857,25098.766113028687,3.4993843827175106,3.536771799628942
1990-10-01,24.531135244566546,1.8598594847775178,0.8136437246963565,5.4564523215890155,1.4209445585215608,4.0355077630674545,0.4048522208748177,1.3676758767656851,0.4995417048579284,0.8681341719077568,1.4302182750088368,0.30416666666666664,-1.266077556678255e-16,1.12605160834217,1.6959556877004598,0.1033582089552239,1.592597478745236,7.408154764324581,0.8301017354877319,6.578053028836851,0.5817875210792579,3.512535367750018,3.512535367750018,0.3951195705222059,3.1174157972278116,25592.76693087525,2.8887411078191705,3.548979591836734
1991-01-01,25.24044287237906,1.7305952930318416,0.8371177209886889,5.450065442426254,1.438390151515151,4.011675290911103,0.33984697472596404,1.279611819061145,0.4615896980461811,0.818022121014964,1.5161050260134081,0.3192477876106195,0.10017761989342804,1.0966796185093606,1.7543646434019868,0.09937219730941704,1.65499244609257,8.093725454645824,0.753397212543554,7.34032824210227,0.6071486596263199,3.631861838457624,3.631861838457624,0.39606299212598417,3.2357988463316403,26371.36811708908,3.6997752768437198,3.545899209486166
1991-04-01,25.149461144751054,1.7258883248730967,0.8086719731881024,5.411376355867001,1.4301988636363634,3.9811774922306373,0.34691285457023485,1.277169545526509,0.4591474245115452,0.818022121014964,1.5116780439127595,0.32691740412979353,0.097335701598579,1.087424938184387,1.7532884102181308,0.09829596412556053,1.65499244609257,8.084978003594399,0.7614982578397212,7.323479745754676,0.6091524505821825,3.6203451824186392,3.6203451824186392,0.3940944881889763,3.2262506942296625,26880.93345196127,4.051748606214534,3.5162919960474315
1991-07-01,25.34381361523539,1.6913705583756347,0.8018991760927245,5.428108530961791,1.4416666666666662,3.9864418642951254,0.33866708139023455,1.2827965734114073,0.45833333333333326,0.824463240078074,1.5138147299782723,0.32787610619469026,0.10159857904085255,1.0843400447427294,1.767504611486497,0.10152466367713005,1.665979947809367,8.238668413399544,0.7804006968641115,7.458267716535434,0.6201733008394258,3.660810639299857,3.660810639299857,0.4059055118110235,3.254905127488834,27464.5756690394,4.106668703403393,3.5197751976284586
1991-10-01,25.445876986592793,1.6552838024919245,0.788353581901969,5.451600422789126,1.4564109848484845,3.995189437940642,0.34123975591550537,1.2959024350219739,0.45426287744227345,0.8416395575797004,1.5257793463359388,0.3259587020648968,0.10159857904085255,1.0982220652301895,1.7907915127708154,0.10008968609865472,1.6907018266721607,8.263079283580588,0.8020034843205575,7.46107579926003,0.6291903601408069,3.7046564856441466,3.7046564856441466,0.40354330708661407,3.3011131785575323,26834.187279841834,4.637398472488922,3.526741600790514
1992-01-01,24.62176673526675,1.7103988255444094,0.8095532950022113,5.127759548997443,1.4309823677581859,3.6967771812392574,0.33291312297168907,1.1727734735321738,0.49036481318034725,0.6824086603518267,1.479549001922557,0.35541574142610405,0.0490756302521008,1.0750576302443522,1.8303629394885113,0.09956634865568081,1.7307965908328304,7.682658124614502,0.8100486223662883,6.872609502248213,0.5863571335674339,3.889441269625816,3.889441269625816,0.40631104432757326,3.483130225298243,26917.794162884908,6.054246541758686,3.2950321497317443
1992-04-01,24.641549961849112,1.6937607046733547,0.7996461742591773,5.124631443590011,1.4277917716204866,3.6968396719695242,0.3195857806028791,1.171905571207961,0.4894969108561342,0.6824086603518267,1.4922904410547713,0.3617813964964223,0.049411764705882315,1.0810972798524665,1.8384315609940909,0.09921942758022549,1.7392121334138653,7.7111013196057945,0.8153430578065909,6.895758261799204,0.5900507218103783,3.9001462440506973,3.9001462440506973,0.4015026296018031,3.4986436144488935,26899.876424853373,7.152280531636438,3.2966457795798
1992-07-01,24.64522314807734,1.6704673354538784,0.8067226890756302,5.117283868571001,1.4325776658270362,3.6847062027439654,0.34072740806125584,1.1756042631339871,0.4894969108561342,0.6861073522778528,1.5073370259246819,0.3607204539847026,0.05042016806722685,1.0961964038727527,1.8552477400278093,0.10060711188204681,1.7546406281457625,7.6393083565350715,0.8232847109670448,6.816023645568027,0.5955911041747951,3.936933357119232,3.936933357119232,0.39749561733032807,3.539437739788904,26891.77677896959,6.631101142846515,3.2837367407953466
1992-10-01,24.514360206400013,1.7220455101541476,0.7854931446262715,5.057185621003441,1.4102434928631402,3.646942128140301,0.34010702169750884,1.1769994438386517,0.49644012944983823,0.6805593143888137,1.522414944865569,0.3570071551936836,0.05109243697478987,1.1143153526970957,1.8457765280920573,0.10095403295750215,1.744822495134555,7.510629003481784,0.8206374932468935,6.68999151023489,0.594667707114059,3.959041281526524,3.959041281526524,0.39509140996744296,3.5639498715590814,23835.498425009704,18.479044565899045,3.2498505139861567
1993-01-01,22.498425068114212,2.922554938420671,0.49591418204764165,4.8274236791867855,1.2191343963553531,3.6082892828314326,0.3082873675191169,1.0416026377915224,0.39762912785774757,0.6439735099337748,1.5257167886235188,0.40569288389513103,0.041464728056004325,1.0785591766723839,1.905870060183517,0.10042408821034772,1.8054459719731693,4.747043417882085,0.7016976556184317,4.045345762263653,0.5605828220858894,4.163429174373463,4.163429174373463,0.42644671379942406,3.736982460574039,23815.884124891745,16.150843806191855,3.204336713661472
1993-04-01,22.565557313514223,2.8707075585607336,0.4876794447073672,4.8780577586061495,1.1972665148063781,3.680791243799771,0.3033062547837859,1.0588211808378798,0.39762912785774757,0.6611920529801325,1.5451902598205436,0.3997003745318352,0.041464728056004325,1.104025157232704,1.916004881196999,0.10042408821034772,1.8155807929866512,4.744274341823481,0.7084882780921583,4.035786063731323,0.56840490797546,4.193110725201827,4.193110725201827,0.42466614296936384,3.7684445822324633,24308.202785245045,13.226567373268574,3.2752576469618266
1993-07-01,22.357372602638904,2.799758512436609,0.4776147657359206,4.868589395609646,1.1835990888382686,3.6849903067713776,0.29898486304832345,1.0494210204619498,0.40372565622353923,0.6456953642384106,1.5230197739570324,0.39850187265917597,0.041464728056004325,1.0830531732418518,1.916434901065519,0.0994062765055131,1.8170286245600058,4.694970611188306,0.6926434923201293,4.002327118868177,0.5675357873210632,4.161042971814534,4.161042971814534,0.42644671379942406,3.7345962580151095,24895.78222637408,11.767100721428713,3.2881523621073456
1993-10-01,22.307056008644537,2.6987925621830473,0.4702949992112322,4.8521836901503175,1.1945330296127563,3.657650660537561,0.28942151464877347,1.051877015213283,0.40101608806096517,0.6508609271523178,1.5394370134038529,0.39790262172284635,0.04200323101777062,1.0995311606632356,1.9312524873673433,0.09974554707379131,1.8315069402935518,4.697651642131718,0.7016976556184318,3.995953986513287,0.5710122699386501,4.205132814396318,4.205132814396318,0.4237758575543336,3.7813569568419845,25013.651945602513,10.86409488657845,3.2639747712094977
1994-01-01,22.98262701873888,1.926043916486681,0.44648166501486625,5.034484520999384,1.3093740986443618,3.7251104223550215,0.32748662012750435,1.1816192477963043,0.4064901793339026,0.7751290684624017,1.494022819844569,0.4180963273605287,0.057164869029275846,1.0187616234547645,2.1141784456201855,0.09948542024013722,2.014693025380049,5.703901594126712,0.8139827179890023,4.88991887613771,0.581771829190567,4.17263635953211,4.17263635953211,0.4527577937649882,3.719878565767121,24627.71993965638,13.311905448420255,3.3247043309844635
1994-04-01,22.9443714744704,1.9158747300215981,0.44823257350512064,5.047287545718769,1.3138736659936552,3.733413879725113,0.3277547090929202,1.1262617253280502,0.40307429547395385,0.7231874298540966,1.515792602788746,0.42000254161901135,0.05788392398561895,1.0379061371841156,2.1164434649959643,0.10017152658662092,2.0162719384093433,5.712984100077372,0.8191673212882953,4.893816778789077,0.5835564053537282,4.150183617588135,4.150183617588135,0.4527577937649882,3.697425823823146,24719.619307888952,12.822208700256063,3.333007788354555
1994-07-01,23.01961274187737,1.8792656587473002,0.44210439378923033,5.0457273510843414,1.2898759734640903,3.7558513776202513,0.3295144886751679,1.1374615305728313,0.39829205807002555,0.7391694725028058,1.5189011508072072,0.41555470834921854,0.058602978941962036,1.0447434635160266,2.1101981603781983,0.09708404802744425,2.013114112350754,5.7830896467405735,0.842498036135114,4.94059161060546,0.5826641172721477,4.190686243810375,4.190686243810375,0.44940047961630714,3.7412857641940676,25411.18248023583,11.879038275713652,3.3562574689908096
1994-10-01,23.069044777425393,1.810115190784737,0.43072348860257686,5.105182568480641,1.2853764061147974,3.8198061623658446,0.34857751543774057,1.1253196736316575,0.3921434671221178,0.7331762065095399,1.5375905657479736,0.4130130893379083,0.05932203389830513,1.0652554425117602,2.122002663267247,0.10257289879931387,2.019429764467933,5.801973610381025,0.8243519245875883,4.977621685793436,0.5844486934353089,4.203110807656487,4.203110807656487,0.4465227817745805,3.7565880258819067,25425.7387411891,11.14448989874658,3.42102443647752
1995-01-01,23.67249340542985,1.6349014877362285,0.4618535586277521,5.228744188915989,1.2122369065100338,4.016507282405956,0.3096938432933651,1.2662637788135884,0.4049645390070922,0.8612992398064963,1.4991412782979303,0.41525423728813565,0.041300097751710695,1.0425869432580839,1.993799655811254,0.09991532599491955,1.8938843298163341,6.50097861871923,0.8576590730557738,5.643319545663457,0.5853471423091675,4.191769852905344,4.191769852905344,0.40877145922746777,3.7829983936778766,25595.918474508984,10.774978227377153,3.6113606020148086
1995-04-01,23.573237548060415,1.596702854845195,0.45622119815668194,5.225479915401725,1.215075868820362,4.010404046581363,0.3073771547029767,1.2579722291657478,0.401418439716312,0.8565537894494358,1.5095948142852782,0.41195856873822984,0.04203323558162272,1.0556030099654257,1.997557590069946,0.09923793395427603,1.89831965611567,6.486570532057168,0.8765383608274419,5.610032171229727,0.5826620636747217,4.1530991957009755,4.1530991957009755,0.40964771101573677,3.7434514846852385,25432.5246040908,11.14947526910901,3.6060808350527984
1995-07-01,23.477012853382167,1.5718737434660233,0.45809865164703867,5.249206553220314,1.206558981889378,4.042647571330936,0.3100733624692752,1.2575080749116538,0.3985815602836878,0.858926514627966,1.5203224575891268,0.4047080979284369,0.041788856304985376,1.0738255033557047,1.9809560309520602,0.09889923793395428,1.8820567930181058,6.495584536498747,0.8522649908352973,5.6433195456634495,0.5826620636747217,4.050727378953205,4.050727378953205,0.4092095851216022,3.641517793831603,26193.103755562217,10.48083238860347,3.6465590484282084
1995-10-01,23.419650646387563,1.5298552472858866,0.45903737839221703,5.243243455536515,1.195203132648066,4.04804032288845,0.3061889728677159,1.2582432717238403,0.39219858156028353,0.8660446901635569,1.531327801668069,0.4000941619585688,0.041788856304985376,1.089444783404515,1.9903804175728836,0.10093141405588484,1.8894490035169984,6.471481422284307,0.8414768263943442,5.630004595889964,0.5826620636747217,4.047230615381407,4.047230615381407,0.4061427038626609,3.6410879115187456,25862.074556293217,10.598523573277832,3.6535987377108885
1996-01-01,23.31669486822011,1.28418945963976,0.4052110474205315,5.1208328953451305,1.2043062200956935,3.9165266752494365,0.33328285140359454,1.289078663626646,0.40694063926940643,0.8821380243572395,1.641809857760142,0.4462236896409409,0.09999999999999996,1.0955861681192014,2.0009441056088004,0.10806584362139919,1.8928782619874014,6.6617845429402776,0.6638613861386141,5.997923156801662,0.6345424462262951,3.945018998248934,3.945018998248934,0.40310575635876833,3.5419132418901658,25616.2932748121,11.691803746616875,3.520763076923077
1996-04-01,23.25917083600699,1.2641761174116082,0.3977071391349661,5.075763680037205,1.1856459330143534,3.890117747022851,0.33076899091686346,1.2832339147681984,0.40109589041095894,0.8821380243572395,1.6588443876338896,0.4403907002338698,0.09883040935672509,1.1196232780432946,2.004244581671557,0.10842249657064473,1.8958220851009122,6.643271464996967,0.6594059405940597,5.983865524402906,0.6306732849688177,3.9704872744669224,3.9704872744669224,0.39496653279785804,3.5755207416690644,25524.732805224277,11.467233453010602,3.4968123076923074
1996-07-01,23.28315784770244,1.2408272181454305,0.4018759770713913,5.055089677340202,1.1956937799043057,3.8593958974358973,0.3220525432424907,1.2867528005882318,0.3974429223744293,0.8893098782138024,1.677581204603829,0.4396615765579859,0.10058479532163737,1.1373348327242054,2.0211942144541304,0.10770919067215366,1.9134850237819767,6.710064528649126,0.6816831683168317,6.028381360332293,0.6355097365406644,3.9322099470669447,3.9322099470669447,0.4043908969210173,3.5278190501459274,26095.409479690654,10.573375130384306,3.467729230769231
1996-10-01,23.312856585528337,1.2174783188792533,0.39687337154768104,5.0220268568325155,1.212918660287081,3.8091081965454356,0.3472289477703842,1.276857409432715,0.39232876712328774,0.8845286423094271,1.6824973204441285,0.438932452882102,0.1011695906432748,1.1423952769187513,2.0413990235396864,0.10877914951989028,1.9326198740197966,6.735375990870114,0.6905940594059409,6.044781931464175,0.6345424462262951,3.9585768999855624,3.9585768999855624,0.39710843373493976,3.561468466250622,25749.060196387596,11.454250569600669,3.421538461538462
1997-01-01,23.49425533816151,1.0257409375368995,0.3693712680014049,5.015903616326452,1.234428656009473,3.781474960316979,0.46243057667120113,1.28867081252791,0.42250233426704026,0.8661684782608697,1.764002583061169,0.5016949152542373,0.09089201877934273,1.1714156490275889,2.010085204468631,0.09784860557768922,1.9122365988909422,6.8632885028725426,0.7102207686017991,6.153067734270743,0.7436596289187459,3.951102207776552,3.951102207776552,0.40054303556882975,3.550559172207722,25475.370099380758,11.193439528185325,3.415197123625569
1997-04-01,23.42185710227389,0.9906128232376906,0.3670530382859149,4.984285201421218,1.227175843694494,3.757109357726724,0.48047615502188723,1.2701190983639836,0.41549953314659205,0.8546195652173916,1.7584988996293296,0.4974576271186441,0.09089201877934273,1.170149253731343,2.034329913862725,0.09912350597609561,1.9352064078866293,6.82243621020142,0.7266285091305535,6.095807701070867,0.7447984644913627,3.9692472977583537,3.9692472977583537,0.400108607113766,3.5691386906445874,25869.169228453862,10.196445234925037,3.391609180985826
1997-07-01,23.33718631151724,0.9807769512339121,0.3662802950474182,4.920131252540103,1.2271758436944937,3.6929554088456094,0.48872505212886397,1.2570384917251927,0.4162776221599751,0.8407608695652176,1.7567256546970649,0.5,0.09037558685446011,1.1663500678426049,2.058732635692596,0.10199203187250995,1.9567406038200856,6.784555957222705,0.7102207686017991,6.074335188620907,0.7379654510556622,3.9862545701737218,3.9862545701737218,0.39967417865870214,3.586580391515019,26231.810571225174,9.955895531856337,3.325899912203687
1997-10-01,23.310240434800843,0.9751564529460387,0.36473480857042495,4.877835574286239,1.2170219064535228,3.6608136678327163,0.4683682161780476,1.2500601750361982,0.4116090880796764,0.8384510869565219,1.7630684572752457,0.5016949152542373,0.09502347417840375,1.1663500678426046,2.065273250804545,0.10135458167330676,1.963918669131238,6.82959371435139,0.7266285091305535,6.102965205220837,0.7402431222008957,3.9759066631518185,3.9759066631518185,0.3988053217485745,3.5771013414032438,25855.938797074705,9.703937838826102,3.292202851289769
1998-01-01,23.9373661097558,0.9062568605927552,0.3945802337938364,4.969387803704572,1.2104977375565609,3.7588900661480107,0.4248398099421482,1.2197012482095357,0.39925925925925926,0.8204419889502765,1.9949388573770745,0.5178021978021978,0.10876494023904386,1.3683717193358327,2.0815148335347,0.11392801251956182,1.9675868210151382,7.217722239219786,0.781430499325236,6.43629173989455,0.7064314026339341,4.021992820747461,4.021992820747461,0.401425829448862,3.620566991298599,26053.140395069702,9.536058303983305,3.408706146021894
1998-04-01,23.960455323199895,0.8983534577387488,0.39208289054197665,4.945323710745915,1.2119457013574657,3.7333780093884488,0.43322864374530073,1.224316042561899,0.397037037037037,0.8272790055248621,1.9990138125950399,0.5159853479853481,0.10876494023904386,1.374263524370648,2.1058073914281508,0.11684924360980699,1.9889581478183436,7.220203678273236,0.7788933873144398,6.441310290958796,0.7096918552614754,4.032433840308153,4.032433840308153,0.399670962434878,3.6327628778732755,26290.549889095822,9.18443631905758,3.382458408757865
1998-07-01,24.009760193072538,0.8970362239297476,0.39125044279135673,4.9125865035150165,1.1989140271493213,3.7136724763656956,0.4346097703085392,1.2279629629629631,0.40296296296296297,0.8250000000000002,2.0046740403137204,0.5178021978021979,0.10818946436476322,1.3786823781467594,2.1364575567251998,0.1175795513823683,2.018878005342832,7.205203698037842,0.7839676113360322,6.421236086701811,0.7096918552614754,4.090287139226679,4.090287139226679,0.39879352892788594,3.6914936102987927,26751.593557551387,8.895394897592714,3.364959917248512
1998-10-01,23.94524652800685,0.8983534577387488,0.3895855472901169,4.89698418426312,1.1800904977375566,3.716893686525564,0.4406551093373456,1.2265382647841212,0.3992592592592592,0.8272790055248621,1.999324862581181,0.5150769230769231,0.1070385126162019,1.377209426888056,2.146101549105324,0.11867501304121024,2.027426536064114,7.21033359501678,0.794116059379217,6.416217535637564,0.7096918552614754,4.02767810262864,4.02767810262864,0.39923224568138194,3.6284458569472577,26554.45326988064,8.467818573320576,3.3667097663994476
1999-01-01,24.33370606405515,0.8787767133382465,0.3855148342059336,5.15870543958168,1.2509433962264156,3.9077620433552647,0.3702902331407166,1.2099835763797577,0.4116467780429594,0.7983367983367984,2.100108103121575,0.5947183098591546,0.0588934613625971,1.446496331899823,2.1084603143636307,0.12471308339709258,1.9837472309665378,7.42254854815246,0.8012800000000002,6.62126854815246,0.6938526155021001,4.005465686269047,4.005465686269047,0.39945009623315925,3.606015590035888,27158.7830011933,7.626716250647429,3.5098784454716667
1999-04-01,24.519498001543933,0.8787767133382464,0.3896160558464223,5.223413742142609,1.2726719415702987,3.9507418005723096,0.3681986382322839,1.2141980791145468,0.4047732696897374,0.8094248094248094,2.1319292455835774,0.6010563380281687,0.05857338820301775,1.4722995193523907,2.1315788457217164,0.12394797245600613,2.00763087326571,7.464038964212974,0.7961600000000001,6.667878964212973,0.6981290568919435,4.019618660459615,4.019618660459615,0.39769040417926865,3.6219282562803463,27242.200534367163,6.6614860401053315,3.552011641842151
1999-07-01,24.717857873131532,0.8774748219110786,0.39371727748691093,5.2628825863570095,1.2819841752891055,3.980898411067903,0.3802217244911262,1.192417943921524,0.39408114558472557,0.7983367983367984,2.167405133845486,0.5968309859154927,0.057293095564700434,1.5132810523652926,2.1437086194916937,0.1262433052792655,2.017465314212428,7.476897899330811,0.8038400000000002,6.67305789933081,0.6991981672394044,4.1239336990564865,4.1239336990564865,0.4016497113005224,3.7222839877559637,27814.381272484243,6.465429721901798,3.5813216914911834
1999-10-01,24.899356213150266,0.8957013018914274,0.3969982547993019,5.314617225323045,1.292848447961047,4.021768777361999,0.3812894041358734,1.1863817259521319,0.3902625298329356,0.7961191961191961,2.231732869907503,0.6073943661971829,0.0579332418838591,1.5664052618264612,2.1485631890915884,0.12547819433817906,2.0230849947534097,7.559731393657246,0.8064000000000003,6.753331393657246,0.710958381061474,4.073382467330673,4.073382467330673,0.402089634313995,3.671292833016677,27667.739859975907,6.706492636826451,3.6179592535524745
2000-01-01,25.19959392481809,1.0337928715534634,0.3959432048681542,5.537833864807517,1.3234396534750936,4.214394211332423,0.39811164048233844,1.2047728107350502,0.38200207468879666,0.8227707360462534,2.1405536993145398,0.4561579093689187,0.09326550387596916,1.591130286069652,2.081604148367449,0.17669396872673127,1.9049101796407182,7.647057956126474,0.8262766230433667,6.820781333083107,0.6859847105933747,4.073939017969731,4.073939017969731,0.4296017222820237,3.644337295687707,29254.73436814696,4.71949881473613,3.8170622462221107
2000-04-01,25.466077716209522,1.0670477471418964,0.39756592292089254,5.5496925923459655,1.336119314825753,4.2135732775202115,0.42258403144040796,1.2066655548143208,0.375,0.8316655548143208,2.1775020996963033,0.46394217403391735,0.09486434108527149,1.6186955845771145,2.0934890605980883,0.17408786299329862,1.91940119760479,7.735574423212491,0.8237105465742879,6.911863876638203,0.6931197670185658,4.12283651702059,4.12283651702059,0.4468604233943309,3.6759760936262595,29138.824270986952,4.254352567119331,3.8170622462221098
2000-07-01,25.719053026003603,1.0974108944182919,0.40243407707910755,5.606713959706899,1.348798976176413,4.257914983530486,0.42521400167907175,1.2132263486861226,0.37266597510373445,0.8405603735823884,2.21522121714391,0.4701695857659162,0.09113372093023271,1.6539179104477608,2.103260463436492,0.17200297840655254,1.9312574850299395,7.8212708404019615,0.8365409289196819,6.98472991148228,0.7033127047688388,4.130988518682911,4.130988518682911,0.43146752780767855,3.6995209908752327,29009.17928109996,4.505213084987814,3.855657415546904
2000-10-01,25.866897729255466,1.106086079354405,0.4048681541582151,5.644750859654274,1.3551388068517431,4.289612052802531,0.42075699306484804,1.2137837165763807,0.3687759336099585,0.8450077829664222,2.261883286697272,0.4756185710314152,0.08793604651162806,1.6983286691542288,2.1184903759123594,0.17669396872673127,1.9417964071856282,7.860161088538447,0.846805234795997,7.01335585374245,0.717582817619221,4.118534357680041,4.118534357680041,0.42633656261212777,3.6921977950679135,28596.33471269163,4.464298179052965,3.886533551006739
2001-01-01,25.854806065807068,1.0979201798763347,0.4125739895146288,5.671278731182697,1.4149223101729695,4.256356421009727,0.36348463205538245,1.2650697037509737,0.38136068735753104,0.8837090163934426,2.3191290218414875,0.5529585798816569,0.08487738419618523,1.6812930577636456,2.166525820704072,0.18728571428571428,1.9792401064183573,7.7870220854333745,0.8402100525131283,6.9468120329202465,0.7059090373512431,4.0658928640968774,4.0658928640968774,0.399224591525893,3.6666682725709845,28878.294713523606,4.969883311663192,3.8547337029569895
2001-04-01,25.832667989920157,1.0704721753794268,0.40847285641806197,5.659769088321052,1.426346135053259,4.233422953267792,0.3517386891026197,1.2540847425714967,0.3821585130633,0.8719262295081966,2.3500633385134715,0.5609467455621302,0.08630790190735689,1.7028086910439846,2.18121103932095,0.1900238095238095,1.9911872297971402,7.766150665232289,0.8452113028257063,6.920939362406583,0.7049133969600566,4.085791998100738,4.085791998100738,0.4009969537524231,3.684795044348315,29014.59437727918,5.052728393607253,3.8318002352150535
2001-07-01,25.850497585894136,1.0618043844856662,0.40519194994080837,5.632175933968671,1.4312420600019544,4.200933873966717,0.3447162454502905,1.2422281162057358,0.3773715588286866,0.8648565573770491,2.364635458497578,0.5680473372781064,0.08916893732970022,1.7074191838897714,2.1930091215734717,0.19385714285714284,1.9991519787163288,7.737864011457411,0.8402100525131283,6.897653958944283,0.7079003181336162,4.16097204618089,4.16097204618089,0.4018831348656881,3.7590889113152017,29152.28016114196,4.742265732965215,3.7993111559139785
2001-10-01,25.1725047854834,1.0589151208544125,0.39206832403179437,5.371209343146372,1.2941561614384833,4.077053181707889,0.34006043339170683,1.2084384872212783,0.3765737331229177,0.8318647540983606,2.3253932153278076,0.5662721893491125,0.09012261580381466,1.6689984101748803,2.2041764058466753,0.19440476190476189,2.0097716439419133,7.366510542591658,0.8052013003250812,6.561309242266577,0.695952633439378,4.2097802796323185,4.2097802796323185,0.3978953198559955,3.811884959776323,28705.285785436845,5.412261815120441,3.6827326948924735
2002-01-01,25.78709506014793,1.2191888425777495,0.4271756978653531,5.551668662191734,1.4459637474971023,4.105704914694631,0.44945470814550054,1.193459472085961,0.3999999999999999,0.793459472085961,2.39699156766999,0.5165127020785221,0.12718962585034002,1.7532892397411282,2.20057907491394,0.168602520045819,2.031976554868121,7.465381298912463,0.8855547093170856,6.579826589595378,0.6712025316455698,4.211993204139666,4.211993204139666,0.41055585732391825,3.801437346815747,28429.930542740967,5.370262093791308,3.7101719197707737
2002-04-01,26.084690079130592,1.2499519076627128,0.4127257799671593,5.593862500158537,1.472151965433661,4.121710534724876,0.4337901063566653,1.197967764540995,0.3999999999999999,0.7979677645409949,2.491726787013299,0.52540415704388,0.12916666666666654,1.8371559633027523,2.218478494641704,0.17048109965635735,2.0479973949853467,7.586709766130017,0.8937039857831937,6.693005780346823,0.6721518987341774,4.227325073925321,4.227325073925321,0.41146116241173275,3.8158639115135884,28889.932137126725,4.403426425539739,3.723740991577668
2002-07-01,26.233058757635362,1.2807149727476757,0.40911330049261085,5.627312030386849,1.4945990093792816,4.132713021007568,0.43913269420022627,1.2033181622591866,0.4008421052631577,0.8024760569960288,2.555566377725214,0.5262124711316398,0.1304846938775509,1.8988692127160232,2.2282197649145856,0.16954180985108822,2.0586779550634975,7.583849169487869,0.8882711348057883,6.69557803468208,0.6768987341772151,4.2289335512439274,4.2289335512439274,0.41553503530689845,3.8133985159370294,29567.55765225033,3.952776453079539,3.7314947468958928
2002-10-01,26.343709461826013,1.3066207117665922,0.4036945812807882,5.634978414415194,1.5020813573611551,4.1328970570540395,0.4276224912976077,1.222763373043681,0.39999999999999986,0.8227633730436811,2.583228750005569,0.5310623556581987,0.1311437074829931,1.921022686864377,2.2382564939800065,0.17423825887743413,2.0640182351025724,7.623298011437428,0.9045696877380044,6.718728323699423,0.679746835443038,4.223499799156111,4.223499799156111,0.42911461162411735,3.7943851875319936,29279.927919615744,3.8412155761656313,3.7276178692367803
2003-01-01,26.98157264991634,1.282970474202207,0.41886792452830185,5.834940760979337,1.6124404391961882,4.222500321783149,0.3232367054500083,1.173528722849769,0.39564541213063764,0.7778833107191314,2.822892205051117,0.4280074487895718,0.13564417177914095,2.259240584482404,2.2268421348876775,0.17154150197628457,2.055300632911393,7.970833918294175,0.9679179179179177,7.002916000376256,0.6662132690541781,4.261246534619566,4.261246534619566,0.5021074815595364,3.75913905306003,29756.0295649638,3.9969012362963796,3.8035560158812367
2003-04-01,26.990786024572657,1.3095039268316933,0.42264150943396234,5.81884730558527,1.584742075823493,4.234105229761778,0.32002376860182097,1.1832576302708144,0.39896319336443753,0.7842944369063769,2.8230990990483473,0.4305896958410926,0.1369938650306747,2.25551553817658,2.240506287420157,0.17338603425559942,2.0671202531645574,7.9631388549211435,0.9708333333333331,6.992305521587809,0.6699093204775023,4.239858321981945,4.239858321981945,0.4968387776606955,3.7430195443212493,29788.309825275155,4.17017009350689,3.8134817883652694
2003-07-01,27.096575265201295,1.320429466149717,0.4264150943396226,5.84237654048511,1.5807851667702508,4.26159137371486,0.2972749726325319,1.1980900671251404,0.40311041990668744,0.794979647218453,2.851288717612101,0.4357541899441342,0.13766871165644157,2.2778658160115253,2.252145206884476,0.17845849802371538,2.0736867088607602,8.01858107284219,0.9679179179179177,7.0506631549242735,0.6708333333333333,4.219140793797073,4.219140793797073,0.5005268703898842,3.7186139234071884,30440.786539248715,3.998285725968794,3.839288796823754
2003-10-01,27.300547519077288,1.321990257480863,0.43396226415094336,5.885163471876257,1.5946343484565986,4.290529123419659,0.29279788664897194,1.19298653769186,0.4022809745982374,0.7907055630936227,2.84854885892789,0.43962756052141533,0.14036809815950904,2.268553200246965,2.2845163522956597,0.17799736495388666,2.1065189873417727,8.136873113824956,0.9854104104104103,7.151462703414546,0.6763774104683195,4.227331365711566,4.227331365711566,0.499473129610116,3.7278582361014507,30266.113316785286,3.749017059987358,3.8690661142758516
2004-01-01,27.694940871713513,1.268696883852691,0.41361667569030863,5.919599572126127,1.4895814913056296,4.4300180808204965,0.24668492856240157,1.1683640581158972,0.39857940131912734,0.7697846567967698,3.1392535176062317,0.4684188034188035,0.14994040524433838,2.5208943089430895,2.306838438376523,0.18896713615023475,2.117871302226288,8.293943554478112,1.0162033650329187,7.277740189445193,0.7583446866485014,4.17959855625672,4.17959855625672,0.5019857029388404,3.67761285331788,30066.939227832907,3.6117345033053048,3.967230794756927
2004-04-01,27.93124515201555,1.3062322946175637,0.4145100162425555,6.025601704457981,1.553708615777582,4.4718930886804,0.24931315750033609,1.1716111408150345,0.4018264840182648,0.7697846567967698,3.120211817835804,0.4704884004884005,0.1514104092173221,2.4983130081300815,2.3232268629102513,0.19093043107127616,2.132296431838975,8.360075003984303,1.0102779809802487,7.3497970230040535,0.7593835149863762,4.201079638665345,4.201079638665345,0.49933809902038656,3.701741539644958,30533.546651452358,3.3374595850056497,4.005454620872739
2004-07-01,28.238324906514407,1.334759206798867,0.410936654033568,6.088901214165038,1.5647018371156307,4.524199377049406,0.2667576752677534,1.1712619660719732,0.39939117199391166,0.7718707940780618,3.154051532842995,0.4711782661782662,0.15582042113627323,2.527052845528455,2.353549593326406,0.19240290226205722,2.161146691064349,8.472751252568626,1.0162033650329187,7.456547887535706,0.7625000000000002,4.222855811439179,4.222855811439179,0.5019857029388404,3.7208701085003395,30977.891862379412,3.2257048546143636,4.057760909241746
2004-10-01,28.557333300218534,1.3828045325779037,0.4100433134813211,6.214065305694515,1.6068425189114848,4.60722278678303,0.27057757200284227,1.1903863763466629,0.4018264840182648,0.7885598923283981,3.185702993431852,0.47393772893772895,0.15802542709574877,2.5537398373983735,2.3830517720534856,0.19436619718309858,2.188685574870387,8.53650785087457,1.0132406730065837,7.523267177867987,0.7687329700272482,4.215460613728136,4.215460613728136,0.49774953666931426,3.7177110770588215,30453.842299621854,3.338536835206692,4.136220341795255
2005-01-01,28.447207888652347,1.4025193315041162,0.3980058543724844,5.967143629681018,1.4624977489645241,4.5046458807164935,0.2939629095258556,1.2066755139871923,0.42125884732052593,0.7854166666666664,3.4063147208287696,0.49050179211469525,0.1493181818181818,2.766494746895893,2.390205504029806,0.19060773480662976,2.199597769223176,8.415842603217738,1.0239869753979736,7.391855627819763,0.7911404958677685,4.1753973256376,4.1753973256376,0.4992008524240809,3.6761964732135186,30638.04142151767,2.990544682882334,4.00810366269507
2005-04-01,28.73298628200798,1.461386879521078,0.39539882912550306,6.0307179173051955,1.5183684494867642,4.512349467818431,0.29495127320307124,1.2136880687563196,0.4178547354229864,0.7958333333333333,3.453919315314776,0.49121266427718036,0.15068181818181817,2.8120248328557778,2.389370741142476,0.19107837118886836,2.1982923699536077,8.490852950197047,1.0359985528219968,7.45485439737505,0.8017741046831954,4.200926202759316,4.200926202759316,0.4992008524240809,3.7017253503352348,30686.984598046896,2.7122434828914668,4.011995025474385
2005-07-01,29.032666050750084,1.502594163132951,0.39539882912550306,6.121407425710686,1.5479470556455972,4.573460370065089,0.30261997130175317,1.228741152679474,0.42040781934614097,0.8083333333333332,3.499372006723425,0.498321385902031,0.15,2.8510506208213937,2.3999204451761718,0.19249028033558413,2.207430164840588,8.547110710431527,1.0450072358900142,7.502103474541514,0.8102809917355369,4.225220354733053,4.225220354733053,0.4997336174746936,3.7254867372583593,31703.177170038194,2.550275535058226,4.064528422995146
2005-10-01,29.128446406003615,1.5334996258418563,0.39539882912550306,6.146359289055947,1.5495903115433105,4.596768977512636,0.30846584596931975,1.2400973205257835,0.4255139871924505,0.8145833333333332,3.5701955547713005,0.5032974910394264,0.1486363636363636,2.9182617000955102,2.3999204451761718,0.19249028033558413,2.207430164840588,8.56023545408887,1.0450072358900142,7.515228218198857,0.8124077134986223,4.161866327950242,4.161866327950242,0.5029302077783696,3.6589361201718726,31104.815622812082,2.6150509746699524,4.085930918281382
2006-01-01,29.412890121702205,1.6945471138489623,0.3962983124659771,6.1580824807099175,1.577337552742616,4.580744927967302,0.3124169760482646,1.2390452674897117,0.40571193415637846,0.8333333333333334,3.6312646165395024,0.5845233988731747,0.158920704845815,2.8878205128205128,2.376733064779532,0.20558882235528944,2.171144242424243,8.554021027766629,1.0361289555079707,7.517892072258657,0.8421321417172037,4.208349120336505,4.208349120336505,0.5040750436300173,3.7042740767064877,30944.92189223094,2.6675206940711647,4.041974133142902
2006-04-01,29.627876034531155,1.7250361244201085,0.3989112683723462,6.207443606769644,1.621654008438819,4.585789598330826,0.3001394652047533,1.247826343731348,0.4081316872427984,0.8396946564885496,3.653499939406418,0.5918707600321951,0.161068281938326,2.900560897435897,2.4002458646343676,0.2085828343313374,2.191663030303031,8.595495656200338,1.0540447299547946,7.541450926245543,0.8453878072135333,4.253889958578299,4.253889958578299,0.5099301919720767,3.7439597666062228,31146.46910892815,2.527344899653239,4.041974133142902
2006-07-01,29.820866631877802,1.7779907217278887,0.4023952095808383,6.2275824027097135,1.6511983122362865,4.576384090473426,0.3037840270056755,1.2443920459900102,0.4089382716049382,0.8354537743850722,3.6490602415119606,0.5951362538806485,0.16822687224669605,2.885697115384616,2.425041088731628,0.21157684630738527,2.2134642424242426,8.650874094157148,1.0361289555079707,7.614745138649177,0.8540695818704117,4.2856772185925305,4.2856772185925305,0.5083333333333333,3.777343885259197,31744.23599638013,2.5352770896601817,4.028532888994683
2006-10-01,29.864605281141934,1.8373640581032784,0.4015242242787153,6.21952788632144,1.6265780590717298,4.59294982724971,0.3003261984079732,1.2409577482486727,0.40974485596707805,0.8312128922815946,3.558888122341037,0.5935035069564218,0.1625,2.8028846153846154,2.4441327091272,0.2075848303393214,2.236547878787879,8.707686313283958,1.0510587675469905,7.656627545736967,0.8594956910309607,4.294702329998699,4.294702329998699,0.5120593368237347,3.7826429931749637,31931.428915044842,2.1495250492682825,4.0400539554074415
2007-01-01,30.305878482854443,1.8533134455572131,0.40262008733624444,6.329765638555969,1.6042616033755277,4.725504035180442,0.3354796885463485,1.218717295953464,0.4333907480314962,0.7853265479219679,3.641344438516436,0.7503671071953012,0.13750000000000012,2.7534773313211347,2.420488326655785,0.20434782608695654,2.2161405005688284,8.810765104748173,1.0129411764705885,7.797823928277584,0.9652255639097743,4.328158893075037,4.328158893075037,0.5566404199475066,3.7715184731275304,31691.6084149044,2.419017512326127,4.20497512437811
2007-04-01,30.368308787781164,1.8822714681440447,0.40262008733624444,6.332009560196792,1.6026329113924052,4.729376648804387,0.33415299126406556,1.211048019641629,0.4317011154855644,0.7793469041560647,3.6555166521305793,0.7534508076358297,0.1381030701754387,2.7639627743193116,2.431946917610592,0.20821256038647348,2.2237343572241186,8.864763854844254,1.027128027681661,7.837635827162593,0.9664473684210527,4.287531868191912,4.287531868191912,0.5485564304461942,3.738975437745717,31634.192046519292,2.4134946560234476,4.206965174129355
2007-07-01,30.38388683874484,1.9015768165352653,0.3999999999999999,6.308855273361137,1.6026329113924052,4.706222361968732,0.3296253118368299,1.212803582042703,0.42747703412073496,0.7853265479219679,3.6862047577258727,0.7616740088105728,0.13750000000000012,2.7870307489152992,2.437193121300556,0.2096618357487923,2.227531285551764,8.801614547577888,1.0356401384083045,7.7659744091695835,0.9798872180451127,4.326126210319475,4.326126210319475,0.5445144356955381,3.7816117746239364,32083.864915788625,2.5207366124727106,4.179104477611942
2007-10-01,30.417718912420238,1.911229490730876,0.3956331877729256,6.362992038598493,1.617291139240507,4.745700899357986,0.31740867501942227,1.2082759186351708,0.42494258530183737,0.7833333333333335,3.703968078363848,0.7647577092511013,0.13750000000000012,2.801710369112746,2.43436237654779,0.2106280193236715,2.2237343572241186,8.768482322920716,1.0157785467128029,7.752703776207913,0.9872180451127819,4.328148778718211,4.328148778718211,0.5502887139107612,3.77786006480745,31640.511709186812,3.067775891781132,4.212935323383086
2008-01-01,30.34296483459495,2.0962249614791992,0.4069467787114846,6.256422047599924,1.566704352741662,4.689717694858263,0.27201707078589216,1.1995310376261845,0.4521280133000831,0.7474030243261014,3.3714647394974318,0.7809571286141576,0.1349757372153788,2.4555318736678955,2.4770101396393867,0.24277085692714231,2.234239282712245,8.785275685194556,1.0744244604316546,7.710851224762901,1.0965041398344069,4.381568234226488,4.381568234226488,0.5421692984726896,3.8393989357537976,31803.5846268809,3.1735904289103556,4.1806301467955596
2008-04-01,30.14705421866093,2.0483821263482285,0.4069467787114846,6.144875642420376,1.461065573770492,4.683810068649884,0.2845033455127606,1.199342029541531,0.45575228595178724,0.7435897435897437,3.366589072581194,0.7872382851445664,0.13318402388951098,2.4461667635471174,2.4886202107807036,0.245554926387316,2.243065284393387,8.693960777616342,1.059376498800959,7.634584278815384,1.0991720331186754,4.414662202029639,4.414662202029639,0.5478643541289153,3.866797847900724,31610.835840980493,3.6405786329625656,4.174722520587181
2008-07-01,29.766819939888936,1.9952234206471502,0.3997759103641456,6.018725349691549,1.3846806105144147,4.634044739177134,0.2656733497983178,1.1744612007128794,0.4575644222776392,0.7168967784352401,3.3303961883391326,0.7903788634097707,0.13318402388951098,2.406833301039851,2.5047168975620675,0.2477821819554549,2.256934715606613,8.53350921287756,1.0383093525179856,7.495199860359573,1.0818307267709293,4.4625076831252075,4.4625076831252075,0.5558374320476314,3.9066702510775766,31721.322722649344,4.540446938778524,4.129430719656283
2008-10-01,29.246721618159587,1.9119414483821267,0.38633053221288516,5.862768208480851,1.3391746749576032,4.523593533523248,0.2611395672363629,1.1423318265808196,0.4521280133000832,0.6902038132807364,3.2879952282571328,0.7903788634097707,0.1319895483389324,2.3656268165084295,2.5149509862251818,0.24666855417138545,2.2682824320537964,8.301291096290361,1.0112230215827338,7.2900680747076265,1.0751609935602577,4.502811730933613,4.502811730933613,0.5541289153507636,3.948682815582849,30246.485180972948,7.032799024282762,4.0270318653777295
2009-01-01,27.94468285570495,1.7173520827805786,0.3845919610231425,5.675587773262755,1.3236803823773902,4.351907390885365,0.27789836423759834,1.214821934051052,0.5587480759363775,0.6560738581146742,2.768067188580772,0.758539898132428,0.13518518518518519,1.8743421052631588,2.503207002156618,0.24863964992389653,2.2545673522327214,7.882628941521293,0.9886895475819032,6.89393939393939,1.0728846153846154,4.447642992706526,4.447642992706526,0.5317738303727796,3.9158691623337467,29230.64970408204,9.305420984850207,3.863573279826102
2009-04-01,27.59412429963491,1.6208145396656939,0.37637028014616325,5.598141814561038,1.3155496674979223,4.282592147063116,0.26946429768128616,1.210306798083889,0.5542329399692149,0.6560738581146742,2.7036638789326974,0.7454442558007924,0.12839506172839507,1.8298245614035096,2.4997066218506308,0.246394596651446,2.2533120251991843,7.809337525016147,0.973478939157566,6.835858585858581,1.041923076923077,4.464395466774291,4.464395466774291,0.5415311483612709,3.9228643184130196,29019.44629374312,9.764419849572933,3.802307499372962
2009-07-01,27.377138949344825,1.5462943309454322,0.37271619975639464,5.570193583645349,1.3025405236907732,4.267653059954575,0.2676154816530583,1.2000700877727033,0.5497178040020523,0.6503522837706509,2.6693775283489494,0.7323486134691568,0.12716049382716052,1.8098684210526326,2.502350076315017,0.24527207001522075,2.2570780062997957,7.788618635654519,0.9704368174726987,6.81818181818182,1.0432692307692308,4.416633794484176,4.416633794484176,0.5426152948044366,3.874018499679739,29472.95770289715,9.260616659912406,3.7927347211771596
2009-10-01,27.212479573276244,1.5005660210489078,0.3672350791717418,5.543983522540375,1.2732699501246887,4.270713572415686,0.26835518976139033,1.1937254147426029,0.5395587480759363,0.6541666666666665,2.689544635184138,0.7313412563667234,0.12530864197530867,1.832894736842106,2.5049935307794025,0.24414954337899544,2.260843987400407,7.759807119557511,0.9643525741029638,6.795454545454547,1.0446153846153845,4.339653675874793,4.339653675874793,0.5491201734634309,3.790533502411362,29092.929218067264,8.927200224943535,3.7984783880946416
2010-01-01,27.528132499459275,1.5937716262975776,0.3048107761385503,5.53589752854894,1.2619511683956834,4.273946360153257,0.2339230084903394,1.1677929838514143,0.5135009809167111,0.6542920029347029,2.6907405826419377,0.7207455988954091,0.1318500206015657,1.8381449631449627,2.565276670711337,0.22813225058004646,2.3371444201312905,7.964005288078802,0.9050765511684121,7.0589287369103895,1.0746533376330214,4.397260697067356,4.397260697067356,0.5472441572944086,3.850016539772947,29364.204760978162,9.039140839002343,3.7739463601532566
2010-04-01,27.567030807497588,1.5684736639753938,0.29942270686337386,5.564776404493515,1.2764749030703137,4.288301501423201,0.24566576696369505,1.1558110531838346,0.5091492776886034,0.6466617754952311,2.713365048816133,0.7227476700034519,0.13250927070457352,1.858108108108108,2.572389791183294,0.22238979118329472,2.349999999999999,7.9471319189325555,0.893473005640612,7.053658913291943,1.0788132860367619,4.421181167049034,4.421181167049034,0.5702241365557948,3.850957030493239,29920.921762370544,8.730345646833056,3.7873563218390807
2010-07-01,27.654756208937542,1.5395617070357552,0.2963438101347016,5.591764921269848,1.2909986377449447,4.300766283524903,0.24520743235762965,1.1568989789908615,0.5102372034956303,0.6466617754952311,2.751152974816003,0.7267518122195374,0.13250927070457352,1.8918918918918919,2.572911832946635,0.22291183294663577,2.349999999999999,7.996929268735076,0.8905721192586619,7.1063571494764135,1.0746533376330214,4.42933194501801,4.42933194501801,0.5595357741086384,3.8697961709093724,30718.159066243155,8.545020821818184,3.8007662835249043
2010-10-01,27.865501709106397,1.5648596693579389,0.30019243104554194,5.602115979765995,1.3022948758252129,4.299821103940783,0.2418704588550027,1.1541865378684357,0.5037096486534688,0.6504768892149669,2.7834898366895686,0.7327580255436659,0.13580552121961267,1.9149262899262902,2.5783737250402345,0.22708816705336432,2.3512855579868703,8.127369820250673,0.9050765511684121,7.22229326908226,1.0732666881651078,4.439776562067898,4.439776562067898,0.5552604291297758,3.884516132938122,30062.928957673445,8.746247005623545,3.800766283524904
2011-01-01,27.619808692806984,1.33125,0.2973651191969886,5.530891454797043,1.2912000000000001,4.239691454797042,0.2453670249481772,1.2105135730007337,0.5100000000000001,0.7005135730007338,2.8185464338514485,0.698557196839574,0.1771583430120016,1.9428308939998729,2.483333603011958,0.19988485895221642,2.2834487440597417,8.281161954744539,0.9235340729001584,7.35762788184438,1.0099539269259619,4.411425602330135,4.411425602330135,0.589971346704871,3.8214542556252638,30489.983060533094,8.63155738351202,3.74088363410081
2011-04-01,27.62198756399904,1.346875,0.3011292346298619,5.537470587163516,1.2912000000000006,4.246270587163516,0.20850837658303287,1.2052938778837532,0.508888888888889,0.6964049889948644,2.85071295113282,0.6957059429749225,0.17886178861788618,1.976145219540011,2.488986254597727,0.19804260218767986,2.2909436524100477,8.271840099692334,0.9088748019017433,7.36296529779059,1.0021750776813458,4.408996104634642,4.408996104634642,0.589971346704871,3.819024757929771,30585.423850807394,8.69420317609972,3.746509023024269
2011-07-01,27.826524051028162,1.3671875000000002,0.30037641154328726,5.57615127522383,1.3008000000000006,4.275351275223829,0.2219941631998852,1.2114567538925574,0.5088888888888888,0.7025678650036684,2.8756580456121177,0.686201763426085,0.189082462253194,2.000373819932839,2.512852672222046,0.19942429476108228,2.313428377460964,8.342542238125901,0.9235340729001584,7.419008165225743,1.008657452051859,4.409647539156677,4.409647539156677,0.5933619866284622,3.8162855525282144,30834.839601739513,8.575578959667483,3.7746359676415686
2011-10-01,27.993502844419123,1.3562500000000002,0.3011292346298619,5.627132481848757,1.3152000000000006,4.311932481848756,0.22413043526890494,1.209234531670335,0.5066666666666667,0.7025678650036684,2.922798349177105,0.6881025993358524,0.18737901664730935,2.0473167331939424,2.512001144375383,0.20356937248128956,2.3084317718940937,8.418318646279102,0.9352614896988906,7.483057156580209,1.0112504018000643,4.411257619369608,4.411257619369608,0.5911015600127347,3.820156059356874,29957.348476989948,8.303120098843719,3.8102634308234813
2012-01-01,27.760799752040526,1.287201284594314,0.3007499999999999,5.516319291431308,1.3058661958014517,4.210453095629855,0.23007791902171493,1.2876951369369027,0.5897182583241857,0.697976878612717,2.7555325454597166,0.6439876670092496,0.09763440860215034,2.0139104698483163,2.4797460603601986,0.18995916852264294,2.2897868918375557,8.508534654824318,0.9565634218289087,7.55197123299541,0.9593062605752963,4.435636598836761,4.435636598836761,0.5419252187748608,3.8937113800619003,30204.431012159508,7.9013183303929635,3.7025988700564976
2012-04-01,28.156796429568733,1.2931330877491265,0.3,5.561075969684032,1.3262703551108495,4.234805614573182,0.22512384712071157,1.2889940758318899,0.5910171972191728,0.697976878612717,2.8197843293719687,0.6475505310037682,0.10021505376344066,2.0720187446047604,2.5063831926015285,0.19166666666666668,2.314716525934861,8.631420587470755,0.9916666666666668,7.639753920804086,0.9666666666666668,4.564214673072057,4.564214673072057,0.5414081145584725,4.022806558513586,30198.502672922114,7.624181826882414,3.7279096045197737
2012-07-01,28.37255662546964,1.3138943987909706,0.3,5.587970594762319,1.3466745144202477,4.241296080342072,0.2312350359908141,1.2936150750091475,0.5936150750091472,0.7000000000000002,2.8319276602633967,0.6546762589928056,0.10064516129032237,2.076606239980269,2.532661734113157,0.19550853749072017,2.337153196622437,8.714148301336346,0.9945919370698134,7.719556364266533,0.9678934010152286,4.599210424188263,4.599210424188263,0.5429594272076371,4.0562509969806255,30720.183543467578,6.914120406404486,3.7315254237288134
2012-10-01,28.509737257834473,1.3420704637763299,0.30149999999999993,5.63354609114936,1.3560918187168927,4.277454272432467,0.2284694170902507,1.3002591955736884,0.5962129527991217,0.7040462427745666,2.8563333003763773,0.6528948269955461,0.10236559139784925,2.101072881982982,2.5528616064112453,0.18953229398663698,2.363329312424608,8.793146986030822,1.0150688298918389,7.778078156138984,0.9703468697123521,4.531203327714052,4.531203327714052,0.5408910103420843,3.990312317371967,30295.160792925522,6.284431527369853,3.767683615819209
2013-01-01,28.6627866970983,1.3426948051948058,0.3235982747997535,5.701411421618627,1.333578500707213,4.367832920911414,0.22269497636738456,1.3937984496124027,0.5999999999999998,0.7937984496124031,2.7655206825713345,0.6348531596388983,0.09868554095045494,2.0319819819819815,2.576979658122802,0.1640969162995595,2.4128827418232426,8.9356683203151,1.0673234811165844,7.8683448391985165,0.9315822388993125,4.468837869596777,4.468837869596777,0.5132055378061767,3.9556323317906,30376.11047620278,6.003600865071268,3.7809410078815375
2013-04-01,28.875931078247635,1.3587662337662343,0.3235982747997535,5.71942293999091,1.3457991513437058,4.373623788647205,0.21715279835332513,1.3960535588442564,0.5999999999999998,0.7960535588442564,2.7857059866198655,0.6339846874642897,0.10070778564206263,2.0510135135135132,2.586543030481393,0.16483113069016156,2.4217118997912315,9.01286409878964,1.085620455078583,7.927243643711056,0.9280800500312699,4.547744106570987,4.547744106570987,0.5127058245269108,4.035038282044076,30688.87006903144,5.605862756474075,3.790016718414138
2013-07-01,28.959585872466892,1.3529220779220787,0.3268022181146026,5.730461450714073,1.356492220650636,4.373969230063437,0.21797803294768844,1.3973636025123788,0.6013100436681221,0.7960535588442564,2.8130349154626395,0.6313792709404638,0.09989888776541955,2.0817567567567563,2.592896705691924,0.16740088105726872,2.4254958246346554,9.05681642480078,1.0947689420595825,7.962047482741199,0.9269126537419224,4.544397790558803,4.544397790558803,0.5067092651757188,4.037688525383085,30907.762129569706,5.495422508846404,3.793647002627179
2013-10-01,29.103613007629903,1.3485389610389618,0.3276032039433148,5.794917900384147,1.3671852899575672,4.42773261042658,0.2166360318619344,1.4118393234672304,0.5999999999999998,0.8118393234672304,2.818903091275633,0.6279053822420294,0.10192113245702723,2.0890765765765758,2.5830133599428566,0.16886930983847284,2.4141440501043836,9.076000508255857,1.0764719680975838,7.999528540158273,0.94675839066083,4.579402236799138,4.579402236799138,0.5037109855001229,4.0756912512990136,30176.127723224523,5.692158647292171,3.8408406973967035
2014-01-01,29.034671201659112,1.3381309454340302,0.3244659271431859,5.707495484045109,1.3463335720692846,4.361161911975825,0.2337592923158173,1.4136685429815419,0.602290731022185,0.8113778119593569,2.7644411426803184,0.6283963139985992,0.10311043876877318,2.0329343899129455,2.5769842963370966,0.16906809102588505,2.4079162053112118,9.102811776635077,1.0970317508370313,8.005780025798046,0.996321837302597,4.57659195678434,4.57659195678434,0.5028117618407747,4.0737801949435655,30889.349235167185,5.457061068110684,3.7713651786888818
2014-04-01,29.188333373205435,1.3368605885122715,0.33104641100539894,5.8090199936721945,1.35737713304086,4.451642860631335,0.2542187434435078,1.4099744217216672,0.6003269754768391,0.8096474462448281,2.828102400798265,0.6482385568139909,0.11080393594894866,2.069059908035325,2.551135753580088,0.1537598919783081,2.39737586160178,9.158039122762336,1.0924373319384977,8.06560179082384,0.927846077396424,4.582089860313281,4.582089860313281,0.4994419307694542,4.0826479295438265,31056.971634406218,5.251625141153013,3.8485583541448314
