"period",OCUP%@KAU.Q,PRM@KAU.Q,VISUSW@KAU.Q,VISUSE@KAU.Q,VISJP@KAU.Q,VISCAN@KAU.Q,VIS@KAU.Q,EMPL@KAU.Q,EMPL@HI.Q,EMPL@US.Q,PMKRSGF@KAU.Q,PMKRCON@KAU.Q,ECT@KAU.Q,KPPRVRSD@KAU.Q,E_NF@KAU.Q,VEXPPD@KAU.Q,VEXPPT@KAU.Q
1948-01-01,,,,,,,,,,57976.0,,,,,,,
1948-04-01,,,,,,,,,,58296.0,,,,,,,
1948-07-01,,,,,,,,,,58645.666666666664,,,,,,,
1948-10-01,,,,,,,,,,58514.666666666664,,,,,,,
1949-01-01,,,,,,,,,,58142.0,,,,,,,
1949-04-01,,,,,,,,,,57490.333333333336,,,,,,,
1949-07-01,,,,,,,,,,57390.333333333336,,,,,,,
1949-10-01,,,,,,,,,,57707.666666666664,,,,,,,
1950-01-01,,,,,,,,,,57704.666666666664,,,,,,,
1950-04-01,,,,,,,,,,58761.333333333336,,,,,,,
1950-07-01,,,,,,,,,,59457.666666666664,,,,,,,
1950-10-01,,,,,,,,,,59643.0,,,,,,,
1951-01-01,,,,,,,,,,59899.333333333336,,,,,,,
1951-04-01,,,,,,,,,,59899.0,,,,,,,
1951-07-01,,,,,,,,,,59954.333333333336,,,,,,,
1951-10-01,,,,,,,,,,60114.333333333336,,,,,,,
1952-01-01,,,,,,,,,,60276.666666666664,,,,,,,
1952-04-01,,,,,,,,,,60107.666666666664,,,,,,,
1952-07-01,,,,,,,,,,60094.0,,,,,,,
1952-10-01,,,,,,,,,,60611.333333333336,,,,,,,
1953-01-01,,,,,,,,,,61831.333333333336,,,,,,,
1953-04-01,,,,,,,,,,61306.333333333336,,,,,,,
1953-07-01,,,,,,,,,,61151.333333333336,,,,,,,
1953-10-01,,,,,,,,,,60536.0,,,,,,,
1954-01-01,,,,,,,,,,60291.0,,,,,,,
1954-04-01,,,,,,,,,,59961.666666666664,,,,,,,
1954-07-01,,,,,,,,,,59926.0,,,,,,,
1954-10-01,,,,,,,,,,60247.666666666664,,,,,,,
1955-01-01,,,,,,,,,,60814.666666666664,,,,,,,
1955-04-01,,,,,,,,,,61643.333333333336,,,,,,,
1955-07-01,,,,,,,,,,62753.333333333336,,,,,,,
1955-10-01,,,,,,,,,,63310.666666666664,,,,,,,
1956-01-01,,,,,,,,,,63560.666666666664,,,,,,,
1956-04-01,,,,,,,,,,63765.0,,,,,,,
1956-07-01,,,,,,,,,,63950.333333333336,,,,,,,
1956-10-01,,,,,,,,,,63893.666666666664,,,,,,,
1957-01-01,,,,,,,,,,64097.666666666664,,,,,,,
1957-04-01,,,,,,,,,,64076.0,,,,,,,
1957-07-01,,,,,,,,,,64206.666666666664,,,,,,,
1957-10-01,,,,,,,,,,63879.0,,,,,,,
1958-01-01,,,,,,,,,,62949.666666666664,,,,,,,
1958-04-01,,,,,,,,,,62745.0,,,,,,,
1958-07-01,,,,,,,,,,62979.333333333336,,,,,,,
1958-10-01,,,,,,,,,,63498.0,,,,,,,
1959-01-01,,,,,,,,,,63939.666666666664,,,,,,,
1959-04-01,,,,,,,,,,64772.0,,,,,,,
1959-07-01,,,,,,,,,,64875.0,,,,,,,
1959-10-01,,,,,,,,,,64927.333333333336,,,,,,,
1960-01-01,,,,,,,,,,65213.333333333336,,,,,,,
1960-04-01,,,,,,,,,,66061.33333333333,,,,,,,
1960-07-01,,,,,,,,,,66023.66666666667,,,,,,,
1960-10-01,,,,,,,,,,65839.66666666667,,,,,,,
1961-01-01,,,,,,,,,,65738.0,,,,,,,
1961-04-01,,,,,,,,,,65605.33333333333,,,,,,,
1961-07-01,,,,,,,,,,65667.0,,,,,,,
1961-10-01,,,,,,,,,,65966.66666666667,,,,,,,
1962-01-01,,,,,,,,,,66379.66666666667,,,,,,,
1962-04-01,,,,,,,,,,66576.66666666667,,,,,,,
1962-07-01,,,,,,,,,,66881.0,,,,,,,
1962-10-01,,,,,,,,,,66969.33333333333,,,,,,,
1963-01-01,,,,,,,,,,67149.0,,,,,,,
1963-04-01,,,,,,,,,,67635.33333333333,,,,,,,
1963-07-01,,,,,,,,,,67995.66666666667,,,,,,,
1963-10-01,,,,,,,,,,68258.0,,,,,,,
1964-01-01,,,,,,,,,,68613.66666666667,,,,,,,
1964-04-01,,,,,,,,,,69401.66666666667,,,,,,,
1964-07-01,,,,,,,,,,69480.0,,,,,,,
1964-10-01,,,,,,,,,,69710.33333333333,,,,,,,
1965-01-01,,,,,,,,,,70187.66666666667,,,,,,,
1965-04-01,,,,,,,,,,70897.33333333333,,,,,,,
1965-07-01,,,,,,,,,,71369.33333333333,,,,,,,
1965-10-01,,,,,,,,,,71827.0,,,,,,,
1966-01-01,,,,,,,,,,72173.33333333333,,,,,,,
1966-04-01,,,,,,,,,,72594.0,,,,,,,
1966-07-01,,,,,,,,,,73088.0,,,,,,,
1966-10-01,,,,,,,,,,73656.66666666667,,,,,,,
1967-01-01,,,,,,,,,,73572.0,,,,,,,
1967-04-01,,,,,,,,,,74001.33333333333,,,,,,,
1967-07-01,,,,,,,,,,74713.66666666667,,,,,,,
1967-10-01,,,,,,,,,,75216.33333333333,,,,,,,
1968-01-01,,,,,,,,,,75102.66666666667,,,,,,,
1968-04-01,,,,,,,,,,75950.0,,,,,,,
1968-07-01,,,,,,,,,,76100.66666666667,,,,,,,
1968-10-01,,,,,,,,,,76498.66666666667,,,,,,,
1969-01-01,,,,,,,,,,77166.33333333333,,,,,,,
1969-04-01,,,,,,,,,,77605.0,,,,,,,
1969-07-01,,,,,,,,,,78153.0,,,,,,,
1969-10-01,,,,,,,,,,78575.33333333333,,,,,,,
1970-01-01,,,,,,,,,,78780.33333333333,,,,,,,
1970-04-01,,,,,,,,,,78635.66666666667,,,,,,,
1970-07-01,,,,,,,,,,78616.0,,,,,,,
1970-10-01,,,,,,,,,,78643.0,,,,,,,
1971-01-01,,,,,,,,,,78717.33333333333,,,,,,,
1971-04-01,,,,,,,,,,78961.0,,,,,,,
1971-07-01,,,,,,,,,,79511.0,,,,,,,
1971-10-01,,,,,,,,,,80228.66666666667,,,,,,,
1972-01-01,,,,,,,,,,81213.33333333333,,,0.5998814031397965,,9.983573399246705,,
1972-04-01,,,,,,,,,,81875.0,,,0.6041197496573973,,10.09554463276836,,
1972-07-01,,,,,,,,,,82450.33333333333,,,0.6181822415654131,,10.209508333333334,,
1972-10-01,,,,,,,,,,83002.0,,,0.6367376073640939,,10.352213370998117,,
1973-01-01,,,,,,,,,,83841.66666666667,,,0.683236953511832,,10.586438401316402,,
1973-04-01,,,,,,,,,,84797.33333333333,,,0.6979238620988691,,10.594096332391834,,
1973-07-01,,,,,,,,,,85330.33333333333,,,0.7132770353531548,,10.70686499910939,,
1973-10-01,,,,,,,,,,86236.0,,,0.7327458369653197,,10.868236553092954,,
1974-01-01,,,,,,,,,,86709.33333333333,,,0.8492763839912643,,10.517533402801897,,
1974-04-01,,,,,,,,,,86833.66666666667,,,0.8522377567008825,,10.604740402586875,,
1974-07-01,,,,,,,,,,87079.0,,,0.8748271918403848,,10.782437023437367,,
1974-10-01,,,,,,,,,,86588.33333333333,,,0.8721394104180984,,10.769562711920473,,
1975-01-01,,,,,,,,,,85356.66666666667,,,0.9110859012526907,,11.526185458346498,,
1975-04-01,,,,,,,,,,85331.66666666667,,,0.8898608959749118,,11.584355495053112,,
1975-07-01,,,,,,,,,,86135.66666666667,,,0.8586855933248957,,11.635576303570991,,
1975-10-01,,,,,,,,,,86497.0,,,0.8102918453872016,,11.661735449838341,,
1976-01-01,,,,,,,,,366359.9077799904,87685.66666666667,,,0.8421877548988768,,12.146713638641621,,
1976-04-01,,,,,,,,,371226.9641887934,88591.0,,,0.813384144585375,,12.304228079135143,,
1976-07-01,,,,,,,,,374855.2061304169,89163.0,,,0.7850652032544082,,12.331479874949286,,
1976-10-01,,,,,,,,,376605.9219007993,89570.33333333333,,,0.7909101277301259,,12.440880395198432,,
1977-01-01,,,,,,,,,380723.20753975725,90359.33333333333,,,0.7090452225551381,,12.92711190327143,,
1977-04-01,,,,,,,,,385811.3059958727,91661.33333333333,,,0.7075308395996007,,13.027763538213039,,
1977-07-01,,,,,,,,,388483.1659108971,92409.0,,,0.6863076816430854,,13.081459004737503,,
1977-10-01,,,,,,,,,389491.6538868062,93639.33333333333,,,0.6327974124133087,,13.136250272425864,,
1978-01-01,,,,,,,,,389719.8144707461,94552.66666666667,,,0.6673072885390116,,13.341125191221833,,
1978-04-01,,,,,,,,,391746.3005590008,95835.33333333333,,,0.6858264896325467,,13.566022752269264,,
1978-07-01,,,,,,,,,396145.022336287,96397.0,,,0.717465683276662,,13.805303845049584,,
1978-10-01,,,,,,,,,399648.19596729946,97399.66666666667,,,0.7466068162156233,,14.02137231829325,,
1979-01-01,,,,,,,,,401099.6503831698,98252.33333333333,,,0.8948822186050317,,14.147509654131946,,
1979-04-01,,,,,,,,,403540.15693933377,98371.0,,,0.903999791606997,,14.23954021403494,,
1979-07-01,,,,,,,,,408235.0014975003,99040.66666666667,,,0.9486506468301507,,14.387142915556305,,
1979-10-01,,,,,,,,,412916.52451332955,99637.0,,,0.9758731704219211,,14.367214762488898,,
1980-01-01,,,,,,,,,417079.41816440824,99862.33333333333,,,1.4660076070321626,,15.109160729039928,,
1980-04-01,,,,,,,,,418220.6572940233,98953.33333333333,,,1.4448346424584502,,15.169471471483854,,
1980-07-01,,,,,,,,,420139.60507430165,98899.0,,,1.342732270996369,,15.139464267007606,,
1980-10-01,,,,,,,,,423571.3194672668,99498.66666666667,,,1.3672480725260978,,15.217938877088786,,
1981-01-01,,,,,,,,,426543.9296104186,100239.0,,,1.155168910051885,,15.273194873906329,,
1981-04-01,,,,,,,,,428747.16477036016,100800.66666666667,,,1.115288820959024,,15.256082788814547,,
1981-07-01,,,,,,,,,429855.60815066023,100482.0,,,1.0910836385152332,,15.224996378109452,,
1981-10-01,,,,,,,,,428928.96413522767,100076.66666666667,,,1.0422996240542903,,15.199084760336248,,
1982-01-01,,,,,,,,,428090.06855592364,99708.66666666667,,,0.8572412147900396,,15.181120627634272,,
1982-04-01,,,,,,,,,429789.97111112694,99745.0,,,0.8144947223791906,,15.162323323456997,,
1982-07-01,,,,,,,,,434320.9307001484,99543.33333333333,,,0.7818131101621546,,15.128044101322873,,
1982-10-01,,,,,,,,,437690.6962994677,99119.66666666667,,,0.7743949636710218,,15.133926319742935,,
1983-01-01,,,,,,,,,437808.61434635654,99143.0,,,1.0444176060009749,,15.604584412396234,,
1983-04-01,,,,,,,,,441336.443073608,99945.0,,,1.0228176461400456,,15.571510959531727,,
1983-07-01,,,,,,,,,447737.0943246395,101610.66666666667,,,1.0257198960640659,,15.856566043025756,,
1983-10-01,,,,,,,,,449191.5149220628,102588.0,,,1.0199861215295967,,15.91930794868639,,
1984-01-01,,,,,,,,,449774.3731319743,103664.0,,,0.6949499387446426,,15.627486415988477,,
1984-04-01,,,,,,,,,452399.3966642737,105040.0,,,0.6939178414188755,,15.756040446427972,,
1984-07-01,,,,,,,,,452071.2687227363,105362.66666666667,,,0.635847139480144,,15.7262514745182,,
1984-10-01,,,,,,,,,451283.29481434915,105944.33333333333,,,0.5572744510511299,,15.85927124403428,,
1985-01-01,,,,,,,,,454106.147336348,106615.33333333333,,,0.7156882805488386,,16.481348602466234,,
1985-04-01,,,,,,,,,457128.240108754,106791.0,,,0.7562102347858985,,16.598264503816793,,
1985-07-01,,,,,,,,,461056.02632024017,107186.33333333333,,,0.7883192364747552,,16.847257163828534,,
1985-10-01,,,,,,,,,465372.25290132436,108023.33333333333,,,0.7967369784957007,,16.947731561949496,,
1986-01-01,,,,,,,,,467761.48841937265,108734.66666666667,,,0.8081159246518719,,17.673107308669184,,
1986-04-01,,,,,,,,,470875.0163410729,109205.66666666667,,,0.8114060634630365,,17.768042798056765,,
1986-07-01,,,,,,,,,475538.62969955266,109970.0,,,0.8870486032770294,,18.006182251189184,,
1986-10-01,,,,,,,,,479801.8655400018,110492.0,,,0.932450497346384,,18.216883095495973,,
1987-01-01,,,,,,,,,483929.84311622265,111206.0,,,0.9664669982136007,,18.96509808376363,,
1987-04-01,,,,,,,,,489979.7825887588,112158.0,,,0.9874340590001834,,19.22856068846816,,
1987-07-01,,,,,,,,,496215.66897540557,112866.66666666667,,,0.9881275096427621,,19.391920298336203,,
1987-10-01,,,,,,,,,500758.705319613,113526.66666666667,,,0.9943793470385867,,19.669817119908206,,
1988-01-01,,,,,,,,,501203.8082253137,114093.33333333333,,,0.9269205812448881,,20.683139341804804,,
1988-04-01,,,,,,,,,502265.6807003673,114623.0,,,0.977639933350604,,20.91899872927888,,
1988-07-01,,,,,,,,,504928.69422066817,115232.66666666667,,,1.0050055175272823,,21.13996994369781,,
1988-10-01,,,,,,,,,506683.15018698404,115947.33333333333,,,1.0482254258732406,,21.37897965451724,,
1989-01-01,73.29559054992289,89.3943629505237,,,,,,,510109.8097681306,116835.33333333333,,,1.4717098127457604,17.8182,22.70186233726265,,
1989-04-01,69.47434882245597,92.199627456566,,,,,,,514729.07418925903,117204.66666666667,,,1.5712632350523388,21.3747,23.020916658698088,,
1989-07-01,71.70623232478725,93.94913546814837,,,,,,,516456.3440203911,117493.66666666667,,,1.643876560690824,29.2562,23.316427165663715,,
1989-10-01,69.89049496950058,92.98687412476197,,,,,,,519636.7720222192,117774.33333333333,,,1.7242160786595109,35.296862000000004,23.72414932157282,,
1990-01-01,69.42443922558532,93.36326196958771,,,,,304.36623192974696,25110.562175161158,530800.3200473717,119114.33333333333,,,1.7671194379391102,35.2818,23.73728172846411,,
1990-04-01,68.09658143496931,90.66280886564391,,,,,309.82569631625745,24929.528524249497,539160.1482693068,118995.33333333333,,,1.7721779859484779,32.0965,24.060197189992795,,
1990-07-01,66.97696637928946,91.09465853747461,,,,,309.3269872140054,25098.766113028687,540056.688327515,118712.0,,,1.8042154566744735,28.751600000000003,24.192584350410016,,
1990-10-01,64.53534629348927,92.98593729396039,,,,,305.3306278726876,25592.76693087525,540463.8433558065,118361.0,,,1.8598594847775178,64.1201,24.531135244566546,,
1991-01-01,54.810620352122776,92.47907184737988,,,22.33813690652607,,270.2153190140348,26371.36811708908,543767.2475071511,117782.33333333333,,,1.7305952930318416,18.6453,25.24044287237906,,
1991-04-01,62.99276830602853,93.64916035563931,,,23.823894183640235,,305.3987352792519,26880.93345196127,547552.027600672,117729.33333333333,,,1.7258883248730967,20.3956,25.149461144751054,,
1991-07-01,65.88864193529717,97.48914114494865,,,32.43849239087221,,316.2446605405121,27464.5756690394,549468.5277042622,117660.0,,,1.6913705583756347,14.973199999999999,25.34381361523539,,
1991-10-01,62.74130273988493,99.97929331869882,,,28.549476518961455,,290.4676158546695,26834.187279841834,548615.5305212482,117678.66666666667,,,1.6552838024919245,11.468399999999999,25.445876986592793,,
1992-01-01,61.569012703690454,103.45496725862812,,,27.615316210874,,271.5116871520724,26917.794162884908,549052.934050068,117958.33333333333,,,1.7103988255444094,13.2555,24.62176673526675,,
1992-04-01,64.7056232936638,92.75712518009816,,,26.4816501848817,,244.81625202861775,26899.876424853373,551052.9971238469,118406.66666666667,,,1.6937607046733547,29.4887,24.641549961849112,,
1992-07-01,71.79940547810365,82.93958941444242,,,26.810917432947093,,198.49746919981607,26891.77677896959,552745.127717059,118753.0,,,1.6704673354538784,25.3399,24.64522314807734,,
1992-10-01,80.42595852454208,70.90498481349809,,,28.712116171297218,,166.90493445720995,23835.498425009704,553400.6077756927,118833.66666666667,,,1.7220455101541476,7.8219,24.514360206400013,,
1993-01-01,75.94039551109073,57.53257412723048,,,23.970182411919325,,122.50924365269199,23815.884124891745,554269.281891503,119297.33333333333,,,2.922554938420671,21.4863,22.498425068114212,,
1993-04-01,74.45819132916739,61.82376733479567,,,22.183892611453732,,125.65714735328123,24308.202785245045,556695.1457448056,119959.66666666667,,,2.8707075585607336,14.6176,22.565557313514223,,
1993-07-01,69.22547308901059,67.8141689019432,,,19.208699238917195,,151.1846560032084,24895.78222637408,557736.3233152131,120625.66666666667,,,2.799758512436609,10.3211,22.357372602638904,,
1993-10-01,70.64260673739794,76.08615630269732,,,19.357225737709744,,177.01465296009843,25013.651945602513,556622.915715145,121152.0,,,2.6987925621830473,12.5503,22.307056008644537,,
1994-01-01,77.34371341468697,91.86950611089689,,,18.269544605645482,,208.91815384830824,24627.71993965638,555789.2623620996,121994.0,255030.50992417865,139096.4616397762,1.926043916486681,28.937600000000003,22.98262701873888,,
1994-04-01,77.691383716607,105.67991033688487,,,20.948966876119265,,212.86824666254,24719.619307888952,554345.821905069,122596.0,248073.52528159856,143887.54127887092,1.9158747300215981,47.1378,22.9443714744704,,
1994-07-01,76.2922518657539,116.69874264444513,,,25.707665769955806,,215.12365768943386,25411.18248023583,554963.677106473,123245.0,244523.77834646965,138144.489623483,1.8792656587473002,13.631499999999999,23.01961274187737,,
1994-10-01,72.6393176696187,122.1418409077731,,,25.193822748279462,,223.80869275549998,25425.7387411891,557896.2386263584,124449.66666666667,239872.18644775325,141371.5074578698,1.810115190784737,27.266280000000002,23.069044777425393,,
1995-01-01,65.62302051887843,122.48247928556937,,,24.57560780574852,,222.57246708116492,25595.918474508984,559353.2153366088,124848.66666666667,246056.60455531077,141324.49509238984,1.6349014877362285,8.81721,23.67249340542985,,
1995-04-01,62.39822926967617,127.65238150784535,,,26.685039020277205,,227.29860234293466,25432.5246040908,557616.592885316,124629.33333333333,240109.60507246797,139983.77210693274,1.596702854845195,10.334150000000001,23.573237548060415,,
1995-07-01,63.644910227850836,124.40337368760437,,,23.207058143956345,,237.90006222748823,26193.103755562217,555536.3820504594,124933.66666666667,243900.58943155792,142816.55748848556,1.5718737434660233,9.5912,23.477012853382167,,
1995-10-01,65.00050665026123,125.4250988523142,,,21.05229503001792,,241.3789488066707,25862.074556293217,555663.4763942825,125221.33333333333,248683.20094066326,139375.17531219177,1.5298552472858866,17.0474,23.419650646387563,,
1996-01-01,66.94057593044693,123.44898975672129,,,21.80923321549639,,241.71759586322406,25616.2932748121,557777.0683280005,125542.0,215297.20158530693,145739.22298877433,1.28418945963976,13.678818,23.31669486822011,,
1996-04-01,66.52174670724891,123.79768236989806,,,24.842791261944612,,248.64992313438105,25524.732805224277,560857.0000483812,126280.0,215982.59441663645,151057.1890485854,1.2641761174116082,15.506344,23.25917083600699,,
1996-07-01,64.69361505398355,126.60097557466484,,,27.359708321652086,,244.86502819315092,26095.409479690654,562950.6334003644,127218.33333333333,221133.19356109554,145442.0112909821,1.2408272181454305,16.1054,23.28315784770244,,
1996-10-01,63.21072897498728,130.42235229871582,,,27.68826720090692,,240.20379806768727,25749.060196387596,565148.2982232539,127840.33333333333,229587.01043696122,148511.57667165817,1.2174783188792533,10.338160000000002,23.312856585528337,,
1997-01-01,66.17693505034269,134.40508233417575,,,23.899967244267245,,248.48444202590605,25475.370099380758,566085.5241978805,128495.66666666667,233698.31974403738,129476.55539643829,1.0257409375368995,13.456999999999999,23.49425533816151,,
1997-04-01,67.6231423113402,135.73780528760216,,,23.928402172180647,,246.5827909375784,25869.169228453862,566281.8505455251,129339.66666666667,227108.94143410595,127658.34717289479,0.9906128232376906,10.716000000000001,23.42185710227389,,
1997-07-01,66.95717209205208,135.43725260295625,,,23.309828642306776,,248.3180904525642,26231.810571225174,566823.8312607541,129950.33333333333,229159.88431310133,124130.83837551474,0.9807769512339121,8.55016,23.33718631151724,,
1997-10-01,67.14275054626505,133.3031931085993,,,27.191801941245338,,253.7013956123891,25855.938797074705,567871.1273291735,130503.66666666667,223532.85450875532,120984.25905515219,0.9751564529460387,15.745099999999997,23.310240434800843,,
1998-01-01,65.39133466318242,135.2533451638067,,,29.562648454659605,,261.2567941729145,26053.140395069702,568987.414252576,130782.33333333333,222165.2588573576,126823.52368472042,0.9062568605927552,7.224874,23.9373661097558,,
1998-04-01,65.58942619869225,135.87135061925343,,,26.626543240244274,,275.0375513327676,26290.549889095822,569094.1269462993,131259.33333333334,233826.45135613746,122081.07108339098,0.8983534577387488,14.7149,23.960455323199895,,
1998-07-01,65.09874510096154,138.60126152548764,,,28.95450473260786,,269.4783195339728,26751.593557551387,569758.7469418952,131568.33333333334,228047.05854043053,123353.3225168478,0.8970362239297476,14.35591,24.009760193072538,,
1998-10-01,66.85382737049714,142.9307093581189,,,26.886303572488266,,272.6269167830286,26554.45326988064,572768.7118592295,132293.66666666666,230461.2312460743,126642.08271504079,0.8983534577387488,14.4115,23.94524652800685,,
1999-01-01,69.40631676911867,141.59248208142876,,,23.933226665761502,,275.11347131748676,27158.7830011933,574375.2214458148,132943.33333333334,236495.35572081746,132329.4366601091,0.8787767133382465,21.761235,24.33370606405515,,
1999-04-01,69.16816909465119,143.40326008243787,,,23.158070848634825,,270.11518688740045,27242.200534367163,574333.8786193364,133214.66666666666,229168.2379657935,120884.36438263554,0.8787767133382464,19.3236,24.519498001543933,,
1999-07-01,71.22119041622534,144.7721151212929,,,23.5558351188877,,270.74101331498974,27814.381272484243,575783.21141532,133570.66666666666,237238.8648181483,128160.58364005187,0.8774748219110786,26.322899999999997,24.717857873131532,,
1999-10-01,71.60432372000487,149.96547604817388,,,21.922867366715995,,273.3189330045989,27667.739859975907,580764.3551861956,134275.0,235097.54149524076,122775.61531720348,0.8957013018914274,14.547699999999999,24.899356213150266,,
2000-01-01,73.22800001164556,149.34881762499822,109.86383879602653,95.4570040474652,28.575438849705673,8.452169512875845,269.3924803912355,29254.73436814696,586351.1877799324,136619.33333333334,250130.09123991802,127426.57202493952,1.0337928715534634,22.583015000000003,25.19959392481809,,
2000-04-01,76.92913772077146,148.12899666323284,112.18609269632273,95.78016078791501,32.577932753670964,8.730404903417977,274.19439185456133,29138.824270986952,584754.1770183621,136946.66666666666,257331.01565459615,148722.66204993278,1.0670477471418964,20.398500000000002,25.466077716209522,,
2000-07-01,73.92045236645812,147.17879451496898,111.97728204982789,98.90430405194826,31.772852368282,9.36275500459446,265.94198012965296,29009.17928109996,582314.893426265,136695.33333333334,254345.39845041907,154548.4886259443,1.0974108944182919,29.934009999999997,25.719053026003603,,
2000-10-01,74.45574323445818,149.28005786346674,111.10278645782284,97.67853111267154,33.26377602834137,8.59467057911172,265.2925826559416,28596.33471269163,586012.7417754406,137341.33333333334,266743.4946550668,173582.27729918348,1.106086079354405,24.2641,25.866897729255466,,
2001-01-01,74.64364169575249,150.00338623482537,112.51505228178465,95.36368852864236,34.35881067690436,7.880051318952351,270.2503482601221,28878.294713523606,591167.313994438,137724.33333333334,277626.61686234805,163277.47616695345,1.0979201798763347,32.0056,25.854806065807068,,
2001-04-01,73.67184084942703,152.36742772665409,111.85845526437429,94.67449736129635,35.449833078543286,8.901827917468296,266.47006485843616,29014.59437727918,590329.9726891114,137088.0,290578.66797494504,160817.93550817863,1.0704721753794268,22.289759999999998,25.832667989920157,,
2001-07-01,69.79740495081762,151.31391450051493,104.54541194835076,86.10887289558298,30.756125876827465,8.428133755362957,246.48428691946742,29152.28016114196,588283.3243886468,136719.33333333334,292463.3937420391,163337.80945654854,1.0618043844856662,26.61378,25.850497585894136,,
2001-10-01,63.887112504002864,149.2486048713389,104.23608050549039,83.09294121447832,16.855230367724914,6.882987008216395,225.49308503800137,28705.285785436845,587082.7222611372,136225.66666666666,298831.3214206677,173566.77886831938,1.0589151208544125,53.34409600000001,25.1725047854834,,
2002-01-01,68.80969202394789,150.73919195846386,110.5937566455494,87.97964374543668,23.6114656182164,7.57691816028442,247.77015473751777,28429.930542740967,584530.5561207347,136105.33333333334,297325.0300666298,199835.2893056924,1.2191888425777495,40.5994,25.78709506014793,,
2002-04-01,71.44502599744702,156.46619782691093,113.92434179570023,88.66353555986257,25.23407726810701,8.139850094943514,254.65963994840416,28889.932137126725,583190.9386542332,136360.0,306059.08837023895,210585.30176526197,1.2499519076627128,56.9653,26.084690079130592,,
2002-07-01,69.03220277498737,160.95854694626473,111.47662497525587,85.57238806366766,23.197236053353524,8.026331849231955,251.33131067420527,29567.55765225033,583695.7172058251,136806.66666666666,339374.31258747063,212502.42239570036,1.2807149727476757,29.2712,26.233058757635362,,
2002-10-01,71.54641253695102,162.81272993502705,111.41327658349455,85.77543263103296,23.14322106032307,8.13489989554012,252.13618269839702,29279.927919615744,585997.7880192071,136651.66666666666,352241.56897566066,225174.9865333454,1.3066207117665922,45.82459,26.343709461826013,,
2003-01-01,72.11689540007927,167.9135563264959,113.98123492708095,85.3216904172441,15.875923116597008,9.442935675675162,244.76203140302624,29756.0295649638,592571.8370240446,137444.33333333334,355701.5662265043,246759.6455314503,1.282970474202207,32.415155,26.98157264991634,153.55817986940107,1007.9685727124488
2003-04-01,71.5060217274585,169.56534184066405,118.85800054652466,87.51397840063349,9.802401776614547,9.335720497011714,240.65539277728845,29788.309825275155,591495.7097242773,137655.66666666666,365639.0078970137,272290.29508815357,1.3095039268316933,36.132999999999996,26.990786024572657,148.00235906507808,1037.9145985009636
2003-07-01,76.79751699983215,169.18248962355926,118.49417250064732,89.94694902357156,11.638071285662141,9.29289475988259,246.2949979864489,30440.786539248715,590884.7710164018,137544.0,366711.97149105056,310415.78909875394,1.320429466149717,44.68729999999999,27.096575265201295,151.61834296857938,1026.9837279603523
2003-10-01,78.27956587263009,170.84527887594746,116.68514302574704,86.62710815855077,14.379387821126308,9.437364067430526,244.1545626272378,30266.113316785286,594922.0155686098,138273.0,386947.4543854313,332846.2702816422,1.321990257480863,40.006311000000004,27.300547519077288,156.28947602994958,1057.9314700553298
2004-01-01,78.51325035884413,172.7036884224975,120.17107842919849,88.56424540291604,14.23997022843729,9.956779278022218,249.99414924781382,30066.939227832907,594824.8023036341,138489.0,437497.10185512237,344136.4775724996,1.268696883852691,24.331212,27.694940871713513,153.00591834706725,1055.762033184206
2004-04-01,79.22651055886365,177.46120318228,122.12138656831121,91.6571403310692,14.796984942627383,8.969908965806567,255.78239207970458,30533.546651452358,596233.3680658896,138902.0,481436.37762198754,380211.22946175025,1.3062322946175637,34.96217,27.93124515201555,155.4947506858023,1063.1015031932318
2004-07-01,78.39877698734551,178.29764138554515,122.26504691772597,92.64301806995294,13.710847227406546,10.166597597116358,256.60763469399603,30977.891862379412,598839.6164083137,139538.66666666666,514705.9241031803,395073.8446240895,1.334759206798867,39.97898,28.238324906514407,157.1283924968959,1078.7761098788353
2004-10-01,76.56146209494672,178.79413367634427,124.11012708476434,93.8270741960618,12.156620601528786,9.91169315905486,258.53713350192214,30453.842299621854,602802.5465554958,140029.33333333334,546360.5964197099,402078.44834166084,1.3828045325779037,31.38641,28.557333300218534,158.6091076325363,1076.2997813384789
2005-01-01,77.4658202933306,176.84420398225552,126.40456612598098,98.02568953415502,11.502172852376692,10.876902334457574,266.4562423658485,30638.04142151767,603796.2442806755,140428.0,586631.3988648244,408837.8773995478,1.4025193315041162,126.327395,28.447207888652347,155.52519022642835,1032.267909175217
2005-04-01,76.48331732012345,176.57023530494573,128.11609689438168,95.3076595244785,11.341272963744354,10.81819897787022,261.93614147880936,30686.984598046896,607492.3533501778,141525.66666666666,606183.9532730993,451082.3513829895,1.461386879521078,86.17026,28.73298628200798,159.97373860092446,1050.5647292309961
2005-07-01,75.96332986932583,182.0686359579213,136.54593266868824,102.83005616100522,10.438136182180159,12.229603672859103,281.66269503763044,31703.177170038194,612140.6521051236,142287.0,646266.955250388,445267.6367197415,1.502594163132951,42.190675000000006,29.032666050750084,161.717607558465,1063.8389547263898
2005-10-01,75.02086585055336,182.73359142154405,138.36640431094912,102.43159478036137,10.432220001698793,12.363956014813105,280.0923324932726,31104.815622812082,615909.0835973565,142599.66666666666,668417.6926116884,443812.13449772104,1.5334996258418563,33.443200000000004,29.128446406003615,160.17592023738018,1045.3232406864263
2006-01-01,74.13747361881975,183.72250549195508,137.95347326392647,105.71161234659954,9.427821800487356,12.216169151175233,288.02729304052855,30944.92189223094,613598.4305361256,143449.33333333334,688801.4498228077,416071.31841119676,1.6945471138489623,28.615994,29.412890121702205,153.82068469853712,1015.5603138165403
2006-04-01,75.28111991180079,188.64071341319354,146.49105246123273,104.60740021161325,8.568520313827143,11.783633763517365,294.1173583076495,31146.46910892815,614897.0681355017,144067.66666666666,687817.0056499854,424311.8348849717,1.7250361244201085,70.556958,29.627876034531155,160.45577910239004,1022.3377819545052
2006-07-01,75.01702626653942,192.44307191446126,152.62515003123835,108.2712248332071,7.860483289452593,12.633289297397706,305.0455286605707,31744.23599638013,618962.0205389917,144547.33333333334,673231.5582351272,458118.2531290059,1.7779907217278887,91.85574600000001,29.820866631877802,162.54783051217558,1038.0882888483154
2006-10-01,74.63104686950665,192.76370918039026,159.23431724360256,112.64234860858006,7.780229596232915,13.3992337879097,316.9419532532495,31931.428915044842,623771.8141227143,145606.0,662149.9862920798,488998.5935748256,1.8373640581032784,48.26483999999999,29.864605281141934,162.11538949188,1010.0572547949367
2007-01-01,73.52767245441576,201.97572146402854,157.8600024377448,113.02468872785371,8.362372617287257,15.405800355108823,323.2073441928719,31691.6084149044,623991.3324695769,146135.0,651238.7287587577,536360.0214384544,1.8533134455572131,58.575379,30.305878482854443,168.62997443125724,1032.1103429253035
2007-04-01,75.00182026506526,206.76352251176743,158.23634716882384,119.84006401760597,8.868315672569512,15.631971454332954,325.35398235862334,31634.192046519292,619442.8948081598,145850.66666666666,651416.7729271165,590041.6499673643,1.8822714681440447,41.091029999999996,30.368308787781164,165.53513492607314,1034.5142091080431
2007-07-01,77.19486702843813,210.09167628659213,160.57745901287547,119.19611321808557,9.042760925789084,15.560696321275516,330.27847412392356,32083.864915788625,617156.3468790284,145943.66666666666,640986.6321770316,585510.8992362905,1.9015768165352653,102.611527,30.38388683874484,166.18949141025803,1033.2166111508138
2007-10-01,77.54230691874749,208.292413070945,161.72016538055593,109.26981703645464,8.127618948730328,15.84927686928271,320.20515224106026,31640.511709186812,619837.7591765685,146271.33333333334,632357.8661370946,586086.4293578911,1.911229490730876,66.636654,30.417718912420238,164.97674250996997,1067.374490783424
2008-01-01,76.64773683527078,211.1192801626672,150.6456436913307,100.67302022067992,7.402813528353162,14.144806591854877,298.9616030088162,31803.5846268809,623143.2483999208,146206.66666666666,639185.800932358,609979.9655111685,2.0962249614791992,79.728,30.34296483459495,159.4143168141056,1064.3291431605703
2008-04-01,71.86284220695309,207.60373368764203,129.56808371355078,91.49923139859634,6.837376294828129,14.354769107863126,259.9940818162138,31610.835840980493,622041.5740060214,145925.66666666666,621492.1780289557,589648.987342135,2.0483821263482285,91.64495500000001,30.14705421866093,161.52092423398298,1114.9665969271632
2008-07-01,67.05684425600418,205.13546265995282,116.55613217621806,80.37090434466155,6.05988277666056,11.624039906116522,234.86797405986172,31721.322722649344,616538.2035849226,145270.33333333334,580583.6366455368,524514.0672786804,1.9952234206471502,88.682649,29.766819939888936,157.792853228637,1142.2714060603296
2008-10-01,65.09924336843854,200.04819015640473,118.60751641890049,78.93468903606215,5.8668913836046155,11.232437394165473,236.824341115108,30246.485180972948,608259.6406758019,144090.33333333334,544988.3843931495,446856.979868016,1.9119414483821267,17.093582,29.246721618159587,150.53793773338322,1121.9808565289986
2009-01-01,58.927117484667804,192.51284541541804,119.9218410550848,75.29291116408712,5.686555497599364,10.112573994419405,231.40990430872483,29230.64970408204,598271.5905551241,141499.66666666666,486320.1310865685,329009.1070117761,1.7173520827805786,140.896493,27.94468285570495,150.52265958513374,1100.1795723664757
2009-04-01,57.45807142457363,186.22811410648822,122.71463801528928,78.70374731201936,4.960058601583742,11.181390760318855,233.79025510234385,29019.44629374312,593132.9830603391,140304.33333333334,459014.5893170414,323925.58602728765,1.6208145396656939,22.792299999999997,27.59412429963491,143.9943025722192,1072.605584875987
2009-07-01,55.8090681013367,185.76951671842167,124.14912270108915,78.27061816338869,5.14307748691888,11.379168484994945,235.95535014713357,29472.95770289715,591026.827051097,139403.66666666666,465566.5198113915,301151.42595521075,1.5462943309454322,36.297709999999995,27.377138949344825,142.17182027246048,1046.1283920668818
2009-10-01,56.572409656088524,190.39952375967198,115.9463532285368,74.70873236050477,5.102477984445103,11.964669760266798,226.95663213869213,29092.929218067264,590763.2660001065,138368.0,466598.75978499843,301413.8810057254,1.5005660210489078,18.124,27.212479573276244,150.00507417217594,1111.2847758790215
2010-01-01,57.1713017924618,181.72176028259977,114.7201193691437,74.22776761513313,5.085717558506513,12.888423439466404,231.23222408678566,29364.204760978162,595705.9985772587,138600.66666666666,491236.05819110456,294022.59711887443,1.5937716262975776,16.4716,27.528132499459275,151.78923363142204,1113.138066494342
2010-04-01,58.939437062828574,184.35890985747548,121.68276937409235,78.21280060538096,5.525580809146547,12.945341751855905,238.19462625520055,29920.921762370544,601879.1747361008,139234.66666666666,473553.72380142624,279658.22784836835,1.5684736639753938,12.5978,27.567030807497588,153.93393800624392,1129.377531426738
2010-07-01,60.664879550389884,186.60188548350425,124.722060736907,80.65010340461421,5.396310249376599,13.819384205812895,246.2358399862707,30718.159066243155,605979.0678290124,139333.0,515607.8090346833,258113.81496333086,1.5395617070357552,21.6609,27.654756208937542,162.11699495175097,1216.9029926530418
2010-10-01,60.45771492765302,192.71411104308717,124.57462124324431,80.58458492188824,5.348056752830809,14.974131674294757,249.0611488645145,30062.928957673445,611040.4255242947,139135.66666666666,493984.4089727857,243205.3600694263,1.5648596693579389,17.317,27.865501709106397,163.83762547182076,1216.4764173807087
2011-01-01,61.35488552397957,197.430718679227,125.255541842306,80.12376283800069,5.794274954640724,15.57406739710608,250.28328623592387,30489.983060533094,615926.3602955593,139454.66666666666,475254.8170652839,228995.65721165904,1.33125,17.2224,27.619808692806984,158.9620348753081,1201.6596968244467
2011-04-01,61.89951503990425,202.7857506517897,126.95122387620185,77.14390757313276,5.35642737235375,15.755700711141586,246.9234857016043,30585.423850807394,615031.5236085363,139561.33333333334,469617.21253012295,222519.05779782924,1.346875,16.352669999999996,27.62198756399904,154.45361971081704,1166.3675344575315
2011-07-01,65.0147655474961,203.07163658263633,131.78007729930926,80.1511283966568,6.26551906701658,16.685365640142756,252.41630826574067,30834.839601739513,612382.0201987858,139860.66666666666,447978.9174142004,235191.82359328071,1.3671875000000002,11.837726,27.826524051028162,153.1146273081117,1149.2036802097118
2011-10-01,67.36416722195348,209.47522741968032,133.86211920496405,82.6770964475216,6.154774976177014,16.11252706678121,261.87646374612075,29957.348476989948,612780.4292304519,140639.33333333334,456149.05299039267,250835.96139723097,1.3562500000000002,14.106931,27.993502844419123,150.60454594887517,1148.1231551529982
2012-01-01,68.19936615982743,207.32403110706176,135.04923566769534,83.7500320028384,6.543743368764925,16.83594422266117,266.1007442498707,30204.431012159508,612051.0849247122,141899.66666666666,459488.433395925,281028.4097792853,1.287201284594314,14.462989,27.760799752040526,152.41835855006758,1165.0381257446177
2012-04-01,68.35210906496512,210.3648167184533,133.66369411536544,84.15445357095095,6.867506328302808,15.91390222517235,266.1994257209475,30198.502672922114,610458.2529954226,142217.33333333334,451941.8303106091,288119.5950577345,1.2931330877491265,18.930646000000003,28.156796429568733,156.53556844313889,1177.8340216168974
2012-07-01,68.989846751585,213.05980238711575,138.07061659200644,84.6229084235819,7.054471178046835,16.712994190166643,270.14046013685817,30720.183543467578,611152.1797744101,142474.33333333334,454070.1620160371,293422.4234959508,1.3138943987909706,29.694334,28.37255662546964,159.76942632289104,1199.793294005417
2012-10-01,69.7253446902891,214.3580164540355,146.43868587468288,86.22814149077244,7.44142381235147,16.742224454224022,282.24034729495406,30295.160792925522,614603.1489721219,143271.33333333334,471999.574277429,308929.57166702935,1.3420704637763299,16.909793,28.509737257834473,162.24271715473176,1220.6659779434722
2013-01-01,70.19903802338371,224.15395345103062,144.7203223541218,85.12985458861483,7.4340518943241936,17.529549350319975,280.10657087166163,30376.11047620278,615587.4048759058,143413.66666666666,498971.9564414991,301091.4547549773,1.3426948051948058,15.177825000000002,28.6627866970983,170.02937037808445,1284.8921240270809
2013-04-01,69.88737986820267,221.92164060820187,147.07277628157001,85.61903968370078,7.244493934266797,17.118156699864862,283.5457070135235,30688.87006903144,616430.7118220815,143890.0,516449.2929372993,298469.80857762316,1.3587662337662343,19.922783000000003,28.875931078247635,172.68825494245277,1313.7609906554808
2013-07-01,68.35089473344858,230.91010628298318,138.30809549645147,86.32023869327917,7.332283838094517,17.211949628425693,276.12605667105095,30907.762129569706,617783.3361649987,144244.66666666666,524036.1249044117,302713.51081138407,1.3529220779220787,24.350176,28.959585872466892,168.63698672512206,1289.085307253599
2013-10-01,68.62935404163179,228.69763299111756,138.73502634148747,83.61891620456409,7.419335680077578,17.616032323681132,274.5759112351026,30176.127723224523,621693.8804703472,144171.33333333334,539492.6257167899,304225.2258560153,1.3485389610389618,25.962411000000003,29.103613007629903,174.34420122404376,1334.6228487781973
2014-01-01,71.83455150929417,232.9097462658467,134.74980057517274,84.83146776125943,5.9759756445169225,19.79033904023454,271.1816728668717,30889.349235167185,626934.6666666666,145410.66666666666,537200.1719787767,311209.4285612078,1.3381309454340302,15.514005999999998,29.034671201659112,170.7982172287545,1337.1594081451362
2014-04-01,72.53431153449212,226.81555237414247,146.78396724541398,87.5168360970196,5.533772977125229,20.29923196856749,283.5222055241004,31056.971634406218,632067.3333333334,145901.33333333334,537562.0641566744,325382.8397301521,1.3368605885122715,27.598058,29.188333373205435,173.40650859836376,1369.2854279665828
