date,VIS@KAU.M,VISUS@KAU.M,VISUSW@KAU.M,VISUSE@KAU.M,VISJP@KAU.M,VISRES@KAU.M,VLOS@KAU.M,VDAY@KAU.M,VEXP@KAU.M
1989-01-01,,,,,,,,,
1989-02-01,,,,,,,,,
1989-03-01,,,,,,,,,
1989-04-01,,,,,,,,,
1989-05-01,,,,,,,,,
1989-06-01,,,,,,,,,
1989-07-01,,,,,,,,,
1989-08-01,,,,,,,,,
1989-09-01,,,,,,,,,
1989-10-01,,,,,,,,,
1989-11-01,,,,,,,,,
1989-12-01,,,,,,,,,
1990-01-01,103.5101280612,83.5274635713,,,,,,,
1990-02-01,100.6328105809,81.6629913648,,,,,,,
1990-03-01,100.2232932876,82.919275785,,,,,,,
1990-04-01,104.3927019677,88.9515729205,,,,,,,
1990-05-01,101.8097245986,84.2106238495,,,,,,,
1990-06-01,103.62326975,83.8740103766,,,,,,,
1990-07-01,105.8054861447,86.180704883,,,,,,,
1990-08-01,105.8582208441,84.1087324195,,,,,,,
1990-09-01,97.6632802252,79.4397592241,,,,,,,
1990-10-01,102.1848888558,80.0798567205,,,,,,,
1990-11-01,102.1727929552,79.2615356624,,,,,,,
1990-12-01,100.9729460618,77.8070732228,,,,,,,
1991-01-01,96.2676321009,76.962762709,,,11.4757125237,7.8291568682,,,
1991-02-01,82.219136891,68.7470828633,,,5.5327810615,7.9392729662,,,
1991-03-01,91.7285500221,75.4736062336,,,5.3296433214,10.9253004672,,,
1991-04-01,102.0716590892,84.7379841114,,,7.4427588714,9.8909161064,,,
1991-05-01,101.0884212311,81.8441503786,,,7.8713505532,11.3729202993,,,
1991-06-01,102.2386549589,82.3798616616,,,8.509784759,11.3490085382,,,
1991-07-01,106.4949828526,86.8200431785,,,11.7333132526,7.9416264214,,,
1991-08-01,106.7630479991,89.4029507402,,,10.421921505,6.9381757539,,,
1991-09-01,102.9866296889,83.7196314714,,,10.2832576333,8.9837405841,,,
1991-10-01,97.8196121335,78.4482793227,,,9.1887938709,10.1825389399,,,
1991-11-01,93.0849614922,72.287080151,,,10.0639490472,10.733932294,,,
1991-12-01,99.563042229,80.1222671785,,,9.2967336008,10.1440414496,,,
1992-01-01,91.1569808107,68.0593420258,,,9.3013284394,13.7963103455,5.5052847687,501.8451380222,
1992-02-01,90.6434192608,66.7590928357,,,9.7496668616,14.1346595635,5.1775891115,469.3143805978,
1992-03-01,89.7112870806,67.1795550949,,,8.5643209099,13.9674110759,4.6218720633,414.6340915238,
1992-04-01,86.6549868273,64.9937849724,,,8.4771799233,13.1840219316,4.5231025138,391.9493887551,
1992-05-01,81.0655668088,59.8801719729,,,9.3508839086,11.8345109273,4.4559719922,361.2258952303,
1992-06-01,77.0956983925,57.5615045627,,,8.653586353,10.8806074768,4.3788764582,337.592538719,
1992-07-01,69.0123991826,51.2553184537,,,8.3429956367,9.4140850922,7.0826440865,488.7902609666,
1992-08-01,63.9313802358,46.7853928986,,,8.8880533537,8.2579339835,7.1907284597,459.7131953299,
1992-09-01,65.5536897814,48.196339235,,,9.5798684425,7.7774821039,7.0192694257,460.1390104254,
1992-10-01,60.3022017868,43.5801390384,,,9.8818476095,6.8402151389,6.9563923796,419.4857769842,
1992-11-01,55.6291165815,40.1661667515,,,9.2941282366,6.1688215934,6.9795288835,388.2650259458,
1992-12-01,50.9736160889,36.2275921585,,,9.5361403252,5.2098836052,6.8582667333,349.5906554999,
1993-01-01,45.2599042773,31.8308386013,,,8.0280472762,5.4010183998,5.4313526694,245.8225019136,
1993-02-01,39.0291255379,27.3319216995,,,7.8563466271,3.8408572114,5.4577030461,213.0093773358,
1993-03-01,38.2202138375,26.283019998,,,8.0857885087,3.8514053308,5.2656892546,201.2557693111,
1993-04-01,38.9266242579,25.8879712476,,,7.930808717,5.1078442933,5.0929684485,198.252069153,
1993-05-01,43.2246380471,29.1071983594,,,7.4183574269,6.6990822608,5.0014114647,216.1842002844,
1993-06-01,43.5058850482,28.6579782928,,,6.8347264676,8.0131802879,5.0268121763,218.6959127013,
1993-07-01,47.3535508962,31.0947344576,,,6.3149807877,9.9438356509,4.9899257066,236.2907009147,
1993-08-01,49.9799192478,32.5880314739,,,6.7210638775,10.6708238964,5.0827524058,254.0355548005,
1993-09-01,53.8511858593,36.0753111501,,,6.1726545738,11.6032201354,5.0793963741,273.5315181936,
1993-10-01,58.2526082853,39.7938865394,,,6.6697927953,11.7889289506,5.1650062969,300.8750886017,
1993-11-01,58.4243029094,40.7361929433,,,6.3937296199,11.2943803463,5.2248130307,305.2560591494,
1993-12-01,60.3377417653,41.910715237,,,6.2937033226,12.1333232058,5.1736909024,312.168825641,
1994-01-01,66.3011577172,50.9078183471,,,5.0728287018,10.3205106683,5.1680304844,342.6464042315,
1994-02-01,70.3601487287,50.7723071926,,,6.4626320521,13.125209484,5.5099983274,387.6843018088,
1994-03-01,72.2568474024,51.7691599396,,,6.7340838517,13.7536036111,5.5646711932,402.0855972512,
1994-04-01,72.5004577207,54.2800637062,,,6.473897551,11.7464964634,5.4629788158,396.0684646638,
1994-05-01,69.6891612343,51.45612471,,,6.9724470057,11.2605895187,5.5818384719,388.9936412555,
1994-06-01,70.6786277075,52.3611041743,,,7.5026223194,10.8149012137,5.6404056473,398.6561308653,
1994-07-01,71.2031414809,53.4130861926,,,7.8933843021,9.8966709862,5.683256128,404.6656901536,
1994-08-01,73.2345858905,55.664302661,,,8.7391193286,8.8311639009,5.7312253144,419.7239125422,
1994-09-01,70.6859303181,52.9838099834,,,9.0751621393,8.6269581953,5.793742304,409.5360647784,
1994-10-01,72.6846001604,55.5445835576,,,8.1521008647,8.9879157381,5.6792389837,412.7932147438,
1994-11-01,75.5658676702,57.8299233365,,,8.7148469654,9.0210973683,5.7885771816,437.4188573024,
1994-12-01,75.5582249249,58.4639161991,,,8.3268749182,8.7674338077,5.6963535714,430.4063644035,
1995-01-01,73.2137132695,56.385057315,,,8.6705492784,8.1581066761,5.6735421706,415.3810897014,
1995-02-01,73.9247397447,58.3230081166,,,7.2671753102,8.334556318,5.5417176576,409.6700355798,
1995-03-01,75.4340140669,57.829203441,,,8.6378832172,8.9669274087,5.6373820783,425.2503589944,
1995-04-01,73.9543830437,55.2067530039,,,8.4854372284,10.2621928115,5.6976727176,421.3678706155,
1995-05-01,76.1698017505,56.0504312793,,,9.1746590722,10.944711399,5.6948627352,433.7765655401,
1995-06-01,77.1744175487,56.2597593248,,,9.0249427197,11.8897155042,5.6379868378,435.1083503553,
1995-07-01,79.2123578715,57.7633422319,,,8.6514069496,12.79760869,5.6173977499,444.967320873,
1995-08-01,80.0161853007,58.5983415952,,,7.4730642254,13.94477948,5.5921038872,447.4588208576,
1995-09-01,78.6715190553,58.2403660629,,,7.0825869689,13.3485660235,5.5663609725,437.9140733154,
1995-10-01,79.4853754256,60.1088206661,,,7.3377874349,12.0387673245,5.656199528,449.5851429651,
1995-11-01,80.6550325252,59.7152998926,,,6.7875886674,14.1521439652,5.5499295295,447.629746711,
1995-12-01,81.2385408559,57.9945170707,,,6.9269189277,16.3171048575,5.4886441558,445.8894424914,
1996-01-01,79.2687303784,60.2180477884,,,7.1446880107,11.9059945793,5.5191397576,437.4952013647,
1996-02-01,83.441249835,63.3463516054,,,7.0281099279,13.0667883017,5.4558717432,455.2447571959,
1996-03-01,79.0076156498,59.73926139,,,7.6364352768,11.631918983,5.6473171756,446.1810648643,
1996-04-01,80.2596981449,60.5197138193,,,7.9021925656,11.83779176,5.6279149404,451.6947542996,
1996-05-01,83.6325819589,63.2960120318,,,8.0627376395,12.2738322875,5.5203724435,461.6830008218,
1996-06-01,84.7576430307,63.2347259638,,,8.8778610568,12.64505601,5.5325090081,468.9224235723,
1996-07-01,81.4315460919,61.1581656965,,,9.3441890069,10.9291913885,5.597070122,455.7780736212,
1996-08-01,81.6087126065,61.6777864279,,,9.158381923,10.7725442555,5.6477629893,460.9066666651,
1996-09-01,81.8247694948,61.8548533058,,,8.8571373917,11.1127787973,5.7409287781,469.7501739573,
1996-10-01,77.1186376958,55.034910009,,,9.5333004695,12.5504272174,5.9394906453,458.0454271731,
1996-11-01,81.1167737182,59.474298909,,,8.8500959526,12.7923788566,5.6871627513,461.3242939974,
1996-12-01,81.9683866536,60.4513730532,,,9.3048707788,12.2121428216,5.5410584374,454.1916204673,
1997-01-01,82.3025737191,59.9098383063,,,7.9569827632,14.4357526496,5.5547374257,457.1691864721,
1997-02-01,82.5354273233,59.3759833826,,,8.0236944823,15.1357494584,5.7921511126,478.0576671968,
1997-03-01,83.6464409835,60.2017355072,,,7.9192899987,15.5254154776,5.9386263448,496.7449580774,
1997-04-01,86.0246882807,63.8237761434,,,8.1298119763,14.0711001609,6.0837197162,523.350092173,
1997-05-01,79.5497046835,58.1988028316,,,8.2503593457,13.1005425061,6.2173295078,494.5867262668,
1997-06-01,81.0083979734,59.9716178994,,,7.5482308501,13.4885492239,5.9565895165,482.533774117,
1997-07-01,80.8203739612,58.9194877408,,,7.4871052244,14.4137809959,6.0302154512,487.3642678289,
1997-08-01,82.4659596432,60.6922548996,,,7.3048881232,14.4688166204,5.9837282464,493.4538920792,
1997-09-01,85.0317568482,62.1121350633,,,8.5178352947,14.4017864902,6.2401839022,530.6138002583,
1997-10-01,84.3977916662,62.3091308834,,,8.6531281844,13.4355325984,6.0294828675,508.8750389055,
1997-11-01,84.2248832403,63.2051319237,,,9.0862165147,11.933534802,5.9749479911,503.2392969192,
1997-12-01,85.0787207059,63.7236054186,,,9.4524572422,11.9026580451,5.6526046315,480.9163707056,
1998-01-01,87.5795146937,63.1607783503,,,9.9029753731,14.5157609703,6.307627884,552.4189889524,
1998-02-01,86.1300062733,62.3062292643,,,10.0473495085,13.7764275005,6.0130419888,517.9033442204,
1998-03-01,87.5472732059,63.6608975797,,,9.6123235731,14.2740520532,5.8269973453,510.1377285612,
1998-04-01,94.1633678881,70.0686801097,,,9.3019090132,14.7927787651,5.57643443,525.0958467321,
1998-05-01,90.8647000085,66.2314750959,,,8.765590381,15.8676345315,5.6187394631,510.5450757378,
1998-06-01,90.0094834362,66.6523575828,,,8.559043846,14.7980820075,5.7230173396,515.1258344318,
1998-07-01,89.3824336113,65.5164275255,,,9.5841704083,14.2818356775,5.7609042982,514.9236459754,
1998-08-01,88.8055344571,65.7043677679,,,9.2827168663,13.8184498229,5.7770477371,513.0338118742,
1998-09-01,91.2903514656,67.8285635867,,,10.0876174581,13.3741704208,5.6828397627,518.7884392596,
1998-10-01,89.8035446011,67.2176465092,,,9.2563273655,13.3295707263,5.633331133,505.8931036543,
1998-11-01,90.6883246964,67.1259710335,,,9.1084977727,14.4538558901,5.8184589227,527.6662920136,
1998-12-01,92.1350474856,69.2732055945,,,8.5214784342,14.3403634568,6.1672874665,568.2233235871,
1999-01-01,91.8217399022,71.5419141952,,,8.0759225097,12.2039031973,6.2362375614,572.6221833274,
1999-02-01,92.7554487423,71.9582840968,,,8.1195742375,12.6775904079,5.7813391574,536.2507078784,
1999-03-01,90.536282673,69.6655804764,,,7.7377299185,13.1329722781,5.7109336361,517.046702006,
1999-04-01,91.0930640424,70.9561802766,,,7.8611847625,12.2756990033,5.6094010998,510.977533628,
1999-05-01,89.5002357789,70.2262477803,,,7.6593821712,11.6146058274,5.7254982092,512.4334396773,
1999-06-01,89.5218870662,69.7088483245,,,7.637503915,12.1755348267,5.8076693271,519.9135176156,
1999-07-01,90.7772667073,70.61398129,,,7.8321203227,12.3311650945,5.867136892,532.6026504536,
1999-08-01,89.6151950667,69.0852101699,,,7.8880912791,12.6418936177,5.8695350988,525.9995328253,
1999-09-01,90.3485515411,69.235863709,,,7.8356235172,13.2770643149,5.9081821646,533.795700811,
1999-10-01,93.2601533958,71.8320528861,,,7.26711217,14.1609883398,5.9895152727,558.5831130996,
1999-11-01,91.8312748365,70.6302378216,,,8.0944015778,13.1066354371,5.9414669803,545.6124871957,
1999-12-01,88.2275047722,69.9713989735,,,6.561353619,11.6947521797,6.0620251005,534.8373484821,
2000-01-01,84.7881082504,65.4551881095,33.7684388977,29.6859910416,8.8270812617,10.5058388793,6.2627844308,531.009644272,
2000-02-01,91.4087568544,71.2013567459,37.9091368243,33.3654517419,9.6467788904,10.5606212182,6.2415209187,570.5296680614,
2000-03-01,93.1956152864,72.8475957892,38.1862630741,32.405561264,10.1015786977,10.2464407995,6.1109794233,569.5164873614,
2000-04-01,91.2936898588,70.5093731382,36.7752119821,31.7852724755,10.5995604972,10.1847562234,6.152964956,561.7268744019,
2000-05-01,91.5663443015,71.0831893355,37.4546399156,32.0333793599,10.8866437796,9.5965111865,6.061910151,555.0669520086,
2000-06-01,91.3343576942,70.7680390772,37.9562407987,31.9615089525,11.0917284769,9.4745901402,6.0739786307,554.762936884,
2000-07-01,89.9953300588,70.6984775815,37.696133154,34.0351338537,10.4716271626,8.8252253147,6.1102400977,549.893074331,
2000-08-01,85.8023646074,66.1616621198,36.5592361945,30.6051696971,10.9146850411,8.7260174464,6.2616828979,537.2671990637,
2000-09-01,90.1442854635,69.6458814965,37.7219127013,34.2640005012,10.3865401645,10.1118638024,6.1258855667,552.2135772393,
2000-10-01,89.3058745083,68.6422662087,37.0473830962,32.8292936,11.0599336076,9.6036746919,6.1830543215,552.183073317,
2000-11-01,87.9678011366,68.3019765784,36.7809617617,33.0240962458,10.9050549707,8.7607695875,6.2023438381,545.6065493299,
2000-12-01,88.0189070111,67.6349938197,37.2744415999,31.8251412669,11.29878745,9.0851257414,6.1440205757,540.7899757299,
2001-01-01,90.5539625563,69.0087821751,36.9933571246,31.8994677456,11.5559907498,9.9891896314,6.0520140719,548.0338556529,
2001-02-01,89.1866311143,68.5630043684,36.3891616899,31.2541686569,11.4307570383,9.1928697076,5.9377679624,529.5695209059,
2001-03-01,90.5097545895,70.3742207146,39.1325334673,32.2100521262,11.3720628888,8.7634709861,6.0778830544,550.1077036758,
2001-04-01,89.8501355248,69.0675666375,38.1443815926,31.0015592144,11.8486465614,8.9339223258,5.9930511089,538.4764543408,
2001-05-01,88.1294018839,68.1147233245,37.0552457317,31.3875505226,11.5217353525,8.4929432069,5.956858437,524.97437116,
2001-06-01,88.4905274498,67.7633632897,36.6588279401,32.2853876243,12.0794511646,8.6477129955,6.017665037,532.5063531376,
2001-07-01,88.4308631309,67.5937627331,36.6479264829,31.7753829127,12.2006202691,8.6364801286,5.9639830089,527.4001651787,
2001-08-01,89.3413321844,69.0131527096,38.175975317,31.5750999738,12.1589967308,8.169182744,6.1214632045,546.8996776052,
2001-09-01,68.7120916042,55.2113411529,29.7215101484,22.7583900091,6.3965088769,7.1042415744,6.3901934727,439.0835592622,
2001-10-01,71.1814318804,59.5342835964,32.4747665567,26.6337768182,5.4298039066,6.2173443773,6.2380511418,444.0334124183,
2001-11-01,74.868956118,63.2744257752,34.9388502176,27.6812335993,4.4712433861,7.1232869567,6.5187117812,488.0491462949,
2001-12-01,79.4426970396,64.8763735229,36.8224637311,28.7779307971,6.954183075,7.6121404417,6.1284986602,486.8644623677,
2002-01-01,79.3485525204,63.8438983509,35.6879267049,28.0167663375,7.4547100685,8.049944101,6.1947795034,491.5467867811,
2002-02-01,85.3035793018,69.2578573052,37.7810675309,30.6231903917,7.7684091685,8.2773128281,6.1454270093,524.2269202328,
2002-03-01,83.1180229153,66.1964150411,37.1247624098,29.3396870162,8.3883463812,8.533261493,6.1443118494,510.7030530958,
2002-04-01,80.8604327302,64.034088575,36.6068009395,28.127293123,8.13411604,8.6922281151,6.5044708514,525.9543277274,
2002-05-01,85.380607128,67.2392465626,37.1979747466,30.0865289137,8.5955380317,9.5458225336,6.2797002606,536.164620836,
2002-06-01,88.4186000903,70.554402885,40.1195661097,30.4497135231,8.5044231963,9.3597740089,6.0772287373,537.340057384,
2002-07-01,84.0698133057,65.7618654251,38.0862431061,28.0948690208,7.8640795939,10.4438682867,6.1141068266,514.0118194422,
2002-08-01,84.4887976999,66.0257847638,38.2511435387,29.1522737565,7.9645458531,10.498467083,6.0809975484,513.7761716792,
2002-09-01,82.7726996687,65.0538840444,35.1392383305,28.3252452864,7.3686106063,10.350205018,6.5626544861,543.2086288048,
2002-10-01,84.0869844177,66.3589287183,37.8378979812,28.2935653356,7.5797421673,10.1483135321,6.4577277497,543.0108526663,
2002-11-01,83.9690708695,65.8311893996,36.6629914879,29.2858810191,7.1315045943,11.0063768757,6.5824598166,552.723034834,
2002-12-01,84.0801274111,65.2414389289,36.9123871144,28.1959862763,8.4319742988,10.4067141835,6.450560569,542.3639545166,
2003-01-01,83.6678802261,67.9751141069,38.878949315,29.0731146997,5.8541561283,9.838609991,6.3757143497,533.4425045681,82.5482241327
2003-02-01,80.8508743224,65.8061454594,36.9686411796,27.4487565353,5.597223995,9.4475048679,6.519879225,527.137935814,83.3680604471
2003-03-01,80.2432768545,66.4832537643,38.1336444325,28.7998191823,4.4245429933,9.3354800969,6.5816915804,528.136499654,80.8999681281
2003-04-01,80.7391914818,68.7753968697,39.3671735608,29.9725494714,3.2960121769,8.6677824352,6.9207698576,558.7773627335,79.6926631554
2003-05-01,79.3956132215,67.3963881693,39.1169885663,29.1889653454,3.2127088001,8.7865162521,6.9534623969,552.0744110129,81.2818507857
2003-06-01,80.520588074,68.744659945,40.3738384194,28.3524635838,3.2936807996,8.4822473294,6.8407354899,550.8200445022,80.0348278084
2003-07-01,82.0883949889,70.3570525015,40.7924547228,29.7753059788,3.4348510182,8.2964914692,6.8765996289,564.4890265174,81.2540636504
2003-08-01,83.7420254434,71.0567468389,40.4488490966,31.438937566,3.9081487796,8.7771298249,7.0817302215,593.0384323942,91.3983439684
2003-09-01,80.4645775542,67.1719046362,37.2528686812,28.7327054787,4.2950714879,8.99760143,6.7919371768,546.5103557096,83.659509827
2003-10-01,80.3714381505,67.1576409893,39.0925168822,27.6930037196,4.513042047,8.7007551142,6.8981872931,554.4172333812,86.40227797
2003-11-01,80.8916868133,67.4459579963,39.295145102,27.973811474,4.7646701101,8.6810587069,6.8796954214,556.5101673979,87.684861359
2003-12-01,82.8914376634,69.058015723,38.2974810416,30.9602929649,5.101675664,8.7317462764,6.8330402425,566.400529315,90.9783265412
2004-01-01,81.9290543114,68.4529102372,39.2816754239,29.6420810863,4.575832007,8.9003120672,7.016505244,574.8556392134,89.0868523102
2004-02-01,83.7356956681,69.6578810968,41.2365089136,29.2109561029,4.9653665199,9.1124480514,7.0356672282,589.1364898452,88.4422008423
2004-03-01,84.3293992683,70.8011129064,39.6528940917,29.7112082138,4.6987717015,8.8295146604,6.7983552601,573.3012150996,85.1288408801
2004-04-01,84.9482249638,70.8595918758,41.2080266625,30.4809254492,4.9845275114,9.1041055766,6.9910323199,593.875786236,88.9042437708
2004-05-01,85.7263286007,71.6479891058,41.0393333228,30.77749595,4.898134196,9.1802052989,6.9642346661,597.0182694407,91.5017200605
2004-06-01,85.1078385152,70.6221494989,39.874026583,30.3987189318,4.9143232352,9.5713657811,6.8010553142,578.8231174166,92.8587071365
2004-07-01,86.4825097917,72.4104527976,40.007198332,32.862679836,4.9104803144,9.1615766797,6.8501328512,592.4166813795,93.8274667737
2004-08-01,83.9393435275,70.3781676576,40.5708405108,29.5099596608,4.5318899098,9.02928596,6.9215741989,580.9923944351,90.7479904295
2004-09-01,86.1857813748,72.3771591859,41.687008075,30.2703785731,4.2684770032,9.5401451857,6.8679497832,591.9196185106,92.0205498626
2004-10-01,86.3058958493,72.2503142479,40.7456429814,31.6851912879,4.3340607285,9.7215208729,6.8045960852,587.2767610242,94.576522563
2004-11-01,84.9055599403,71.4177560387,41.1254712486,29.828715764,3.9427743384,9.5450295632,6.7319278568,571.5781041559,90.8659917739
2004-12-01,87.3256777123,74.4836323514,42.2390128547,32.3131671441,3.8797855346,8.9622598263,6.6430573737,580.1094872431,89.9215768584
2005-01-01,86.4686225189,73.8048072138,42.0385718187,32.1719359008,3.9756236687,8.6881916364,6.800646095,588.0425000729,88.871396117
2005-02-01,87.9581080439,75.1504758635,41.5626777182,32.4414057581,3.7958460171,9.0117861633,6.5877107987,579.4425781971,88.9127549516
2005-03-01,92.029511803,78.8443944036,42.8033165891,33.4123478753,3.7307031666,9.4544142328,6.4832175666,596.647347565,92.8464252519
2005-04-01,83.8390582902,70.5835416926,41.6385178171,30.8856274641,3.6620701545,9.593446443,6.7976987989,569.9126658384,91.9328304373
2005-05-01,88.2423807007,74.7673149744,42.76385624,31.7802870796,3.8735350919,9.6015306344,6.4805190786,571.8564316715,94.5309943022
2005-06-01,89.8547024879,76.3297990946,43.7137228373,32.6417449808,3.8056677173,9.719235676,6.6166347819,594.5357497944,93.1197487537
2005-07-01,95.5352053177,81.6600179467,45.7218570643,34.385953291,3.5843156894,10.2908716815,6.60897112,631.3894128875,101.1802989973
2005-08-01,93.3858905525,79.777961761,44.6640606375,34.7547523135,3.2851731208,10.3227556707,6.6296317104,619.1140613127,96.1354045107
2005-09-01,92.7415991674,78.9375650706,46.1600149668,33.6893505566,3.5686473719,10.2353867249,6.4723887725,600.2596851956,99.7837455549
2005-10-01,93.8624438041,79.1421749451,46.3303071796,33.9622372477,3.514337314,11.205931545,6.5296044302,612.8846288903,97.3033354529
2005-11-01,92.8893623488,79.4451404797,45.4436060148,34.5702457442,3.3771609576,10.0670609115,6.4677446212,600.7846736971,96.2812011003
2005-12-01,93.3405263403,79.5848065544,46.5924911166,33.8991117885,3.5407217301,10.2149980559,6.5125333841,607.8832938775,98.470374937
2006-01-01,96.1751827883,82.0547681105,46.5596215724,35.4306236707,3.3308375441,10.7895771338,6.5006069374,625.1970604396,97.1281275164
2006-02-01,96.5143753591,82.915549791,46.1176646574,35.8366853885,2.9403466064,10.6584789617,6.4583253491,623.3212369295,94.5827367362
2006-03-01,95.3377348931,81.4897559759,45.2761870342,34.4443032874,3.15663765,10.6913412672,6.6516397393,634.1522660651,99.0621102144
2006-04-01,96.4891357432,82.1473885927,47.9490517418,35.5033836877,3.0526714999,11.2890756506,6.4051071394,618.0232522254,98.9480476171
2006-05-01,96.4112708687,81.2508549805,48.0875936875,33.3200697826,2.8476305754,12.3127853129,6.4482639856,621.685325751,98.1638648021
2006-06-01,101.2169516958,86.5569751562,50.4544070319,35.7839467413,2.6682182385,11.991758301,6.4467072005,652.516051308,103.3130525763
2006-07-01,102.3234896062,87.7823903929,50.2696401017,35.9267650904,2.6558601629,11.8852390503,6.4274682123,657.6809768175,106.2087113069
2006-08-01,100.4195545677,86.2611137788,50.2776410334,34.822505741,2.6323825879,11.526058201,6.3675057752,639.4220936545,105.6017696415
2006-09-01,102.3024844867,86.9618918087,52.0778688962,37.5219540018,2.5722405386,12.7683521394,6.438680297,658.6929911993,105.1737049943
2006-10-01,101.7855848583,86.7682994916,51.2112179619,35.9700668902,2.5577785675,12.4595067991,6.3041255347,641.6691045711,104.3927872722
2006-11-01,104.7880936158,89.1373718043,52.3892652362,38.3715161982,2.6885378477,12.9621839637,6.235798166,653.4374019899,105.7749277195
2006-12-01,110.3682747792,94.210219117,55.6338340455,38.3007655201,2.533913181,13.6241424812,6.0731333564,670.2812510492,108.3071099548
2007-01-01,105.0174107189,88.5770660923,51.3406083401,37.1056227001,2.7230690343,13.7172755922,6.0586307487,636.2617137258,109.2189710906
2007-02-01,106.2776272717,89.6752906395,52.0904229106,36.4134841741,2.6806902951,13.921646337,6.1139268678,649.7736408235,109.4560207891
2007-03-01,111.9123062023,95.0663309685,54.4289711871,39.5055818537,2.9586132878,13.887361946,6.0217654281,673.9096564702,112.2311704275
2007-04-01,108.019880048,91.0569424247,52.6950818756,38.9039426062,3.0178966489,13.9450409744,6.3918066851,690.4421914177,112.9955155012
2007-05-01,107.6766318306,92.010143211,52.8813600154,40.2163990895,2.8923799239,12.7741086958,6.3138806849,679.8574059299,109.0296061484
2007-06-01,109.65747048,92.7559015463,52.6599052779,40.7197223219,2.9580390998,13.9435298339,6.301339435,690.9889430763,115.4264784122
2007-07-01,108.3869879621,91.8625712359,52.8461958314,37.328078967,3.1072308303,13.4171858959,6.2023643742,672.2555927595,114.3908720128
2007-08-01,114.3766926033,97.2578932137,55.5172455143,40.077378404,3.1464898521,13.9723095375,6.2325956148,712.8636727495,119.4520791433
2007-09-01,107.5147935585,90.9190467087,52.2140176671,41.7906558471,2.7890402434,13.8067066065,6.3172229643,679.1949228664,109.7902017459
2007-10-01,106.6352878945,90.7388828,53.7588393362,37.3758371137,2.5969796771,13.2994254175,6.3380448579,675.8592381106,109.5355998649
2007-11-01,106.7020799472,89.8842796652,54.1299354582,36.4791263125,2.7921104184,14.0256898636,6.3684541077,679.5272993377,110.1701982949
2007-12-01,106.8677843994,89.9203084943,53.8313905861,35.4148536102,2.7385288533,14.2089470518,6.5520528443,700.2033707328,119.4920196178
2008-01-01,100.4951794713,85.0083527121,50.3553340431,34.3278422448,2.5890293378,12.8977974214,6.5629135002,659.5411700524,104.6708171355
2008-02-01,99.843103294,84.467149958,50.9004963809,34.40379808,2.4831709392,12.8927823968,6.7316535962,672.1091853454,106.3852202299
2008-03-01,98.6233202435,83.7175583792,49.3898132673,31.9413798959,2.3306132513,12.575148613,6.6121230564,652.1095296777,103.9119924623
2008-04-01,90.8507487829,76.575421488,45.3241491041,31.7467512285,2.2180597652,12.0572675297,6.9804897531,634.1827209421,100.9250313562
2008-05-01,87.2722864731,72.9944520387,43.086064126,31.2695517413,2.4245714724,11.853262962,7.0518764024,615.4333775617,99.5996711891
2008-06-01,81.8710465602,68.3774975148,41.1578704834,28.4829284288,2.1947450572,11.2988039881,7.2173695452,590.8935980781,96.6275553138
2008-07-01,78.2396267409,65.0830640899,39.6773515479,26.9862067877,2.1264259832,11.0301366678,7.1596673147,560.1696982883,90.9315264228
2008-08-01,78.8111430418,65.7066344201,39.0514073506,27.734271171,2.1048426379,10.9996659838,7.3006541446,575.3728980875,91.8624307712
2008-09-01,77.8172042772,65.0796844372,37.8273732777,25.650426386,1.8286141556,10.9089056844,7.332102187,570.5636936645,88.2775548766
2008-10-01,79.8394609183,66.8228216663,39.1905263451,26.7911417989,2.0000102753,11.0166289767,7.3521962296,586.9953835373,89.8679117239
2008-11-01,79.9624283925,67.8123049885,40.7595125117,26.686279328,1.8953034406,10.2548199634,7.3819561736,590.2791419296,87.4375816805
2008-12-01,77.0224518044,65.2102793073,38.6574775621,25.4572679092,1.9715776677,9.8405948294,7.3298645344,564.5641378353,83.5337987259
2009-01-01,78.6428349559,66.923094206,40.5124736166,25.9751966402,1.9091826919,9.8105580579,7.3092370737,574.8191248368,85.7443873934
2009-02-01,79.6575628273,68.8945804584,40.8687635908,26.1077022939,1.8989072235,8.8640751454,7.1666660362,570.8791500388,86.8106253886
2009-03-01,73.1095065256,62.4728502285,38.5406038477,23.21001223,1.8784655822,8.7581907148,7.2252555738,528.2348695224,81.791533138
2009-04-01,77.7115542493,65.1849251233,38.5993933262,27.0237177019,2.0521489206,10.4744802055,7.4714462161,580.6176979432,86.8043027208
2009-05-01,78.3289765175,67.6364846647,42.2072886821,26.1490671581,1.6828821752,9.0096096777,7.450656554,583.6023022603,84.5183395879
2009-06-01,77.7497243355,66.1649957741,41.907956007,25.530962452,1.2250275059,10.3597010556,7.495184316,582.7485144097,77.9891617582
2009-07-01,78.2797741885,66.5857353438,42.1854820034,25.727785576,1.6579573224,10.0360815223,7.3353562649,574.2100320062,79.5949410167
2009-08-01,78.34090597,66.3948916666,41.2926923729,25.9501192606,1.6641614528,10.2818528505,7.357078362,576.3601841714,79.0094257295
2009-09-01,79.3346699886,67.8212427356,40.6709483248,26.5927133268,1.8209587116,9.6924685413,7.3336636043,581.8137818509,84.9956838708
2009-10-01,75.7271607308,64.1326389324,39.1825120066,25.4336730827,1.7432590565,9.8512627419,7.4263726987,562.3781190032,84.5258947455
2009-11-01,74.910784738,63.1615753756,38.0068144372,24.2173128881,1.7130220102,10.0361873523,7.4421806278,557.4995909884,84.3566988317
2009-12-01,76.3186866699,64.3349494909,38.7570267847,25.0577463898,1.6461969178,10.3375402612,7.313427567,558.1511869688,82.9756199955
2010-01-01,77.0146062967,64.4426413509,38.858345716,24.8782355249,1.6050470416,10.9669179042,7.2889062394,561.352244363,84.6324802579
2010-02-01,76.8888346226,63.5717148271,37.7627634933,24.2063648139,1.6869504826,11.6301693129,7.2477375252,557.2700919643,84.1068520513
2010-03-01,77.3287831675,63.8411310274,38.0990101599,25.1431672763,1.7937200343,11.6939321058,7.1230697591,550.8183168864,85.3366745824
2010-04-01,79.5356465045,66.45148625,40.7543537545,26.1342928394,1.7756235849,11.3085366696,7.3901752668,587.7823676259,88.4855497621
2010-05-01,78.3395826418,64.7445039262,40.3188811908,25.2848868808,1.9024141033,11.6926646123,7.614118654,596.486877541,95.0427392548
2010-06-01,80.3193971088,66.9940922975,40.6095344288,26.7936208851,1.8475431209,11.4777616904,7.3083519954,587.0024261266,89.6237244739
2010-07-01,81.9906487237,67.706197848,40.7440655488,28.4977619041,1.8307162751,12.4537346007,7.6366072788,626.1303848333,98.6013595986
2010-08-01,81.8255018606,68.1561414719,41.5724632233,25.9745639741,1.7542366971,11.9151236917,7.5170127714,615.0833425139,102.4466671542
2010-09-01,82.419689402,68.1920392364,42.4055319648,26.1777775264,1.8113572773,12.4162928883,7.4469502726,613.7753284572,97.3221605644
2010-10-01,84.7162343835,70.2280962457,43.7373605078,26.8942237168,1.748424812,12.7397133258,7.3646818497,623.9081137371,99.2984129682
2010-11-01,82.779153049,67.9938972976,41.24165783,26.6787186842,1.7328551918,13.0524005595,7.4377726589,615.692521271,103.306282717
2010-12-01,81.5657614321,67.0528854918,39.5956029055,27.0116425209,1.866776749,12.6460991913,7.3486565583,599.3987676802,96.0499227777
2011-01-01,83.1214956749,68.4312336953,41.8424898054,26.6455756862,2.0515218989,12.6387400807,7.5024926469,623.618410101,102.1295965409
2011-02-01,84.6313528671,69.6346538042,41.9671647633,26.7601304414,2.0426263838,12.9540726791,7.4195494631,627.9265087255,100.8181946051
2011-03-01,82.5304376939,68.2918881622,41.4458872736,26.7180567103,1.700126672,12.5384228597,7.5555943381,623.5665077636,97.4192258174
2011-04-01,83.2920257663,68.8305484937,42.6769727811,25.7220344483,1.7107830421,12.7506942305,7.5190772967,626.2791799386,95.3315571501
2011-05-01,82.3039523327,67.8488175409,41.8129997743,25.6073045895,1.7198094512,12.7353253405,7.5081901274,617.953722349,95.5563585752
2011-06-01,81.3275076026,67.5990634681,42.4612513209,25.8145685353,1.925834879,11.8026092555,7.5824221827,616.6594977073,94.3449288535
2011-07-01,81.7866262677,68.4224094175,42.8102136778,26.721957321,2.0488410702,11.31537578,7.5216910513,615.1737349111,94.6336601309
2011-08-01,82.658535027,68.6248167594,42.6196829919,25.8887407172,2.1044799471,11.9292383205,7.4930191804,619.3619883781,94.8095583282
2011-09-01,87.9711469711,73.5735452141,46.3501806296,27.5404303585,2.1121980497,12.2854037073,7.5243521692,661.9258905425,101.1223265884
2011-10-01,86.3858610242,71.6859883363,44.5720062464,27.6112549901,2.0203856243,12.6794870636,7.5463302643,651.896237458,100.6444400793
2011-11-01,86.973636372,72.1404783777,44.0588229636,27.4622073697,2.0399824357,12.7931755586,7.5252561791,654.4988945278,95.3210208603
2011-12-01,88.5169663499,72.8614142085,45.2312899949,27.6036340877,2.0944069162,13.5611452252,7.6641698826,678.4090675977,102.6730785395
2012-01-01,90.3579724953,73.8316873431,44.9406650478,28.1137047708,2.1288652312,14.3974199209,7.5750322344,684.4645542874,106.2180660802
2012-02-01,86.6133837839,71.0636726248,44.3605146246,27.9933679354,2.2094556126,13.3402555465,7.7131312327,668.0603956366,100.0049515504
2012-03-01,89.1293879707,72.9028033766,45.7480559953,27.6429592967,2.2054225249,14.0211620692,7.5845917349,676.0100193432,104.9632565143
2012-04-01,88.0618693753,72.1320144953,44.2111268349,26.6155189993,2.2861738778,13.6436810022,7.5485897534,664.7429248316,104.0686906721
2012-05-01,89.1430557096,73.9996354949,45.4078261541,28.2059526587,2.2894416816,12.8539785331,7.5848815436,676.139517992,103.2387619484
2012-06-01,88.9945006361,73.047848134,44.0447411264,29.332981913,2.2918907689,13.6547617332,7.434784871,661.6549669275,104.1777280762
2012-07-01,87.5755656398,71.8958214052,44.6006688061,27.5185858896,2.3377885394,13.3419556951,7.5451510618,660.7708720763,107.9234494599
2012-08-01,91.4996292662,75.3667392213,46.1100311272,29.1121636614,2.3735999305,13.7592901144,7.3777988252,675.0658573043,107.0305012484
2012-09-01,91.0652652309,75.007831364,47.3599166587,27.9921588726,2.3430827081,13.7143511588,7.5222332349,685.0141646608,110.1054656827
2012-10-01,92.2729106855,76.1320970211,48.2481350641,27.6998587543,2.41450587,13.7263077945,7.4488234312,687.3246191791,109.9345559372
2012-11-01,95.2196469168,78.7537815698,49.4422800188,29.6845189715,2.5802322731,13.8856330739,7.4993433833,714.0848290688,113.2863906918
2012-12-01,94.7477896926,77.8438356878,48.7482707917,28.843763765,2.4466856693,14.4572683355,7.5691060197,717.1560653137,119.3457980232
2013-01-01,93.0362648957,76.7679701544,47.9877974276,28.9378609675,2.3692001177,13.8990946236,7.5547799225,702.8685061032,116.0731798342
2013-02-01,93.3158229668,76.9039642212,48.8382653032,27.9523359115,2.5252641881,13.8865945576,7.5240398515,702.1119707811,118.6318758731
2013-03-01,93.7544830091,77.234373079,47.8942596233,28.2396577096,2.5395875886,13.9805223416,7.5288338227,705.8619227078,121.1751695471
2013-04-01,93.8941968814,77.195659895,48.9962540466,28.381324456,2.4563749823,14.242162004,7.6575678651,719.0011847628,122.9091857273
2013-05-01,93.3127281621,76.3394372249,47.5151922499,28.6999255856,2.4013867234,14.5719042138,7.6026879966,709.4275583269,119.539921446
2013-06-01,96.33878197,79.217643399,50.5613299851,28.5377896421,2.3867322285,14.7344063425,7.5699042515,729.2753552191,127.0206705759
2013-07-01,93.4435581941,75.9852769817,47.2581575079,28.946833514,2.4362974369,15.0219837755,7.6109866575,711.1976746431,118.3549193845
2013-08-01,91.6321491638,74.450060586,46.0373742988,29.7557106336,2.4678629228,14.714225655,7.7065570317,706.1683834723,121.0446272438
2013-09-01,91.0503493131,73.0246903781,45.0125636897,27.6176945457,2.4281234784,15.5975354566,7.6944494613,700.5823112232,119.1381338327
2013-10-01,90.5755998645,73.2020247515,45.8129116214,27.5143216326,2.5492839546,14.8242911585,7.6941290242,696.9003517978,121.2618922596
2013-11-01,91.8175653317,74.6035966856,46.975708394,27.9068378272,2.4496910769,14.7642775692,7.6876682679,705.8629834398,121.4489253656
2013-12-01,92.1827460389,74.5995722874,45.9464063261,28.1977567448,2.4203606486,15.1628131029,7.6765868089,707.6488522462,126.5777641402
2014-01-01,92.122060083,75.5517300204,47.1734364631,28.5199297106,1.7007634018,14.8695666609,8.0723945974,743.645620112,124.8700856392
2014-02-01,87.0589861164,71.1184660599,43.5747409467,27.1085861351,1.5430475595,14.3974724971,7.7347599713,673.3803609595,118.5496549192
2014-03-01,92.0006266675,74.2742925719,44.0016231654,29.2029519155,2.7321646833,14.9941694123,7.5070162338,690.6501979139,115.1951729338
2014-04-01,94.4166901084,77.2496444779,48.2632745185,29.2760125616,1.8467374212,15.3203082093,8.2489269792,778.8363823189,132.4862696198
2014-05-01,94.7713109705,78.5555526676,48.9748772539,29.4541104627,1.5692393416,14.6465189613,7.8162782105,740.7589329239,133.6788971816
2014-06-01,94.3342044452,78.4712735083,49.545815473,28.7867130728,2.1177962143,13.7451347226,7.6990212634,726.2810458892,119.5248842488
2014-07-01,96.2855609138,79.1861308135,49.40505489,30.0086792674,1.7841241405,15.3153059597,7.4207562214,714.5116751838,